Id,SalePrice,LowerBound,UpperBound,IntervalWidth
1461,124494.78922135105,104091.82774286738,153122.65439207695,49030.82664920957
1462,147984.65926591103,123545.93130843753,181740.2209956142,58194.28968717666
1463,178147.30616707163,145911.0687368851,214640.0052390062,68728.9365021211
1464,186142.16020668994,152159.4600369635,223831.57521252174,71672.11517555825
1465,192386.62488190207,158500.45625397025,233159.36978097068,74658.91352700043
1466,174183.20387203625,142368.9111527545,209429.38578062714,67060.47462787264
1467,180479.26968067532,149337.94566607545,219681.043415486,70343.09774941055
1468,167259.2550288719,136343.36723972062,200565.63096033497,64222.26372061434
1469,187614.9734435745,153024.082328313,225103.46039223202,72079.37806391902
1470,120036.62015179977,102206.30360984456,150348.9921527716,48142.68854292703
1471,183469.63195189976,149736.06368697714,220266.6868989198,70530.62321194267
1472,101079.40464938837,83812.47627977515,123291.12351657174,39478.64723679659
1473,96710.83422052824,80509.29446928087,118432.04454915479,37922.75007987392
1474,152747.06049087195,123661.62243993094,181910.40610076656,58248.783660835616
1475,126483.26268168297,103480.52332079345,152223.40735379662,48742.88403300317
1476,357625.13229965087,287779.8175404893,423333.1662558372,135553.34871534788
1477,255461.45830253168,208212.52783385606,306287.30983959034,98074.78200573428
1478,293830.532654884,245044.14201803724,360467.7128830395,115423.57086500226
1479,282934.76959859085,231585.78762288243,340670.07214471314,109084.2845218307
1480,473906.0490116962,395190.34143713803,525000.0,129809.65856286197
1481,331355.043854221,274590.356673221,403931.0759173334,129340.71924411244
1482,208425.31644952603,174158.2426282343,256192.4405631415,82034.19793490722
1483,167254.40897342592,136725.13883474257,201127.22836373394,64402.089528991375
1484,166677.78170804484,135795.4990317499,199759.7004851158,63964.20145336591
1485,179417.45801411755,148144.44933956955,217925.37472071726,69780.92538114771
1486,194080.41935360382,158336.91771079143,232918.79970608183,74581.8819952904
1487,338429.01391632535,269738.49577103945,396793.84381351084,127055.34804247139
1488,248316.70117292277,204236.26627434936,300438.1104853906,96201.84421104123
1489,188463.62402132095,154167.28770303456,226785.1495968951,72617.86189386054
1490,220881.0789907282,180905.0213496015,266117.1532988011,85212.1319491996
1491,184753.5714479466,153262.26683666868,225453.83690836525,72191.57007169657
1492,112991.04861725798,93895.8523353707,138124.07045174763,44228.21811637693
1493,182439.75918734568,150821.00581246393,221862.66912613745,71041.66331367352
1494,314419.07560334867,256544.94779553587,377385.7412168866,120840.79342135074
1495,316960.9828627108,259805.79108445064,382182.5389562268,122376.74787177614
1496,225136.66156559068,185901.27733442397,273466.79487606836,87565.5175416444
1497,184163.8149842705,151816.45321286164,223327.0019433851,71510.54873052347
1498,162742.45963253485,131302.11656323558,193149.80084957293,61847.684286337346
1499,168845.02569831026,137137.90714248666,201734.4228560878,64596.51571360114
1500,158240.93995401787,128513.66795818157,189047.9097803334,60534.24182215183
1501,170040.47813032643,141743.72046278775,208509.71162809,66765.99116530226
1502,158475.4771445724,127944.72110668344,188210.9719917716,60266.25088508816
1503,276158.72933692747,222101.30117372525,326718.1096837203,104616.80850999503
1504,244664.94523714576,202444.38607360842,297802.20126359444,95357.81518998602
1505,229561.28463684826,191313.11417406052,281427.7682863195,90114.65411225898
1506,189018.35380151297,153082.434504751,225189.29818424582,72106.86367949483
1507,235806.2624129577,194617.81521697156,286289.0820899357,91671.26687296416
1508,199183.38955078146,161708.13810584755,237877.9654607797,76169.82735493215
1509,161989.9284018521,132262.03438344665,194561.8685946234,62299.834211176756
1510,143437.33932453312,117353.23106344904,172630.57422523596,55277.34316178692
1511,144096.52715482606,117513.39420843177,172866.1789887002,55352.78478026844
1512,163229.07029382224,135443.06950509542,199241.2661394728,63798.19663437738
1513,138312.96738016786,115480.61394502154,169875.89858937857,54395.28464435703
1514,162467.77369980136,130789.30874967293,192395.44526027632,61606.13651060339
1515,190200.14381901824,156535.40579294137,230268.72194113245,73733.31614819108
1516,151079.1527489208,126855.35263922354,186608.47848348675,59753.12584426321
1517,158493.49260309408,128619.17276055655,189203.11049152436,60583.93773096781
1518,136912.59088045772,112807.14881286799,165943.15163839376,53136.002825525764
1519,199975.2040006117,162848.69513615704,239555.7588718203,76707.06373566325
1520,128356.81729921,106918.80823872094,157281.2270219754,50362.41878325447
1521,128149.21997044634,107142.18383849763,157609.81919188282,50467.635353385194
1522,172698.80349009339,142519.2561680487,209650.5477824737,67131.29161442499
1523,108302.61119730728,90334.8018649386,132885.6589940999,42550.857129161304
1524,120567.95922104512,100469.15034904215,147793.5878919684,47324.43754292626
1525,120544.19418413838,100803.84675918809,148285.93629430074,47482.08953511265
1526,118163.05931628819,99777.9161817978,146776.76181447363,46998.84563267583
1527,109757.95606940484,91421.89885943715,134484.81109790725,43062.912238470104
1528,144168.11124150467,115931.48455583994,170539.14270603415,54607.65815019421
1529,140767.2627438663,115631.71492022258,170098.17263079612,54466.45771057354
1530,182340.84579688366,149060.0587557922,219272.26348191165,70212.20472611944
1531,112632.55958499594,99614.29253426888,146536.06654854733,46921.774014278446
1532,107095.18701578122,87334.39757858097,128471.97479564932,41137.57721706835
1533,137689.73215391694,115173.55150272642,169424.20057799458,54250.64907526816
1534,122342.6565247465,99888.15396920605,146938.9248878195,47050.77091861346
1535,146409.7005396608,118593.09685460688,174454.45378557217,55861.356930965296
1536,112203.60669521682,94555.06041871477,139093.78520458136,44538.724785866594
1537,75301.97364054594,63445.294847911835,93330.39213729509,29885.09728938325
1538,159248.51366199277,130476.17069249734,191934.8098381855,61458.639145688154
1539,179672.2524549929,152942.03688364194,224982.76909594703,72040.7322123051
1540,98957.67825688647,83097.02988888003,122238.68053590739,39141.65064702736
1541,138427.81554113014,111047.1935848468,163354.20500369623,52307.01141884943
1542,135634.24262761418,108783.3468814112,160024.0189790662,51240.672097655
1543,185788.50115662956,150089.8608445226,220787.13307039582,70697.27222587322
1544,93479.13850419298,78246.10151547068,115102.82020972318,36856.7186942525
1545,114337.70700505373,91512.38334782298,134617.91647920845,43105.53313138547
1546,126757.65669719671,104202.93247674964,153286.09276954457,49083.16029279493
1547,131285.92552340744,109772.94345617527,161479.7450572939,51706.80160111864
1548,127887.28509313198,104910.52149096428,154326.97731474953,49416.45582378525
1549,113955.3895145561,91392.0230714487,134440.86292266948,43048.83985122078
1550,131045.23955455374,110344.63735753264,162320.72383813508,51976.08648060243
1551,118537.26128857976,98748.42660883919,145262.3519460112,46513.925337172
1552,125310.18469913771,105086.66575863204,154586.09078635325,49499.42502772121
1553,138171.19082815942,112471.94532027206,165450.0573026527,52978.11198238065
1554,115717.85655592194,95519.59450888791,140512.64362043576,44993.04911154785
1555,173987.8651047571,144950.4337923761,213226.88258272383,68276.44879034773
1556,106402.88952423206,87385.72861200297,128547.48427686655,41161.75566486358
1557,110959.60959727406,94163.69148523151,138518.06983004548,44354.37834481397
1558,103150.65417432558,86648.67519566695,127463.25671730473,40814.58152163778
1559,93584.10558167932,78333.55228425402,115231.46289900223,36897.91061474821
1560,145883.37555116322,118054.68015136737,173662.42675572317,55607.746604355794
1561,122181.80621269305,103574.14767209894,152361.13156710553,48786.98389500659
1562,130503.77238806129,107264.54009745416,157789.80889833454,50525.26880088038
1563,117073.33225752955,97979.1891991705,144130.78077230335,46151.59157313284
1564,148194.989887533,124999.52501827889,183878.50069920783,58878.97568092894
1565,143239.06731874534,118635.65936879606,174517.0645134588,55881.405144662756
1566,244550.07756005402,200210.65103769396,294516.31040003034,94305.65936233639
1567,86359.84053613816,71485.31004389298,105157.49430054497,33672.18425665199
1568,222041.07328778034,180825.46932921454,266000.1299040095,85174.66057479498
1569,120779.03120690538,102408.324740757,150646.17126203884,48237.84652128184
1570,130613.50063428447,106619.09637364541,156840.34192892752,50221.245555282105
1571,119586.18804189538,100356.00565092909,147627.14866627115,47271.143015342066
1572,138213.89433671706,116082.79943596186,170761.73140797048,54678.93197200862
1573,204528.03593682664,168849.8221427885,248383.5956945101,79533.77355172159
1574,111692.46511449241,90658.5956584514,133361.96932217196,42703.37366372056
1575,210525.47085861705,175349.62428688796,257944.9985184253,82595.37423153734
1576,224037.29067749658,188639.6717856783,277495.0547921007,88855.38300642237
1577,183847.74452562854,148740.93753825652,218802.8266524711,70061.88911421457
1578,150907.887208585,124692.73709266422,183427.20651004885,58734.46941738464
1579,148637.42679174853,122741.88498734063,180557.44487494818,57815.55988760755
1580,198036.47868628526,163414.79383200122,240388.50693846305,76973.71310646183
1581,154485.3842486725,128056.1119066135,188374.83118092804,60318.71927431454
1582,137287.97914859792,113519.67976253206,166991.3059180482,53471.62615551613
1583,313516.9163638122,257805.92229808358,379240.67232128803,121434.75002320445
1584,226816.36829396794,188093.08141746046,276691.0040572722,88597.92263981176
1585,146841.35900516223,119684.27968692036,176059.61627867376,56375.336591753396
1586,84794.85634954993,69180.61617950274,101767.22088380023,32586.604704297482
1587,102148.02817493584,84749.47487316278,124669.47639535191,39920.00152218914
1588,132250.0059423199,110932.82568528791,163185.96641218767,52253.14072689976
1589,103527.87320344371,85182.57617950006,125306.58133510977,40124.00515560972
1590,129689.94673334078,106750.4896094607,157033.62529788486,50283.13568842417
1591,92445.82336192786,75016.92947697216,110352.61182440544,35335.68234743328
1592,131036.00160190236,108958.72071648535,160281.999121345,51323.27840485965
1593,129872.47210625924,109817.85193879154,161545.80677471016,51727.954835918616
1594,130151.05876890273,105166.91467911605,154704.13934197405,49537.224662858
1595,111030.18452772546,90776.7201392875,133535.73395678704,42759.01381749954
1596,226069.71836693483,184598.43583190034,271550.2761659332,86951.84033403284
1597,183249.29431154445,150961.92293544614,222069.9624171868,71108.03948174065
1598,203609.34539802035,164714.71961674932,242300.73654078314,77586.01692403381
1599,170205.87335705955,139312.18625636268,204932.85228493842,65620.66602857574
1600,168347.77265884008,138372.75151654362,203550.91576209455,65178.16424555093
1601,68718.40737217331,51472.3051618633,75717.76719011643,24245.462028253125
1602,106541.70297089517,87819.50168471607,129185.57740500008,41366.075720284
1603,93430.26159872723,74468.94164829163,109546.5053835542,35077.56373526258
1604,260138.8652429864,212557.3019478354,312678.60215306294,100121.30020522754
1605,233715.58620887916,192214.4834794052,282753.7094196718,90539.2259402666
1606,169232.68071457685,138268.47565852676,203397.52286471016,65129.0472061834
1607,173003.01474550745,140723.71391537102,207009.2515730504,66285.53765767938
1608,222678.9383767045,185382.6952599664,272703.94517676614,87321.24991679974
1609,188351.4878702716,154382.73800743683,227102.0834209185,72719.34541348167
1610,158439.53676951415,133230.29340891106,195986.2065013951,62755.91309248403
1611,143448.91214198823,118514.39578812213,174338.6821693522,55824.286381230064
1612,154448.82396019035,128733.05591503636,189370.63600856307,60637.58009352672
1613,159607.56228504216,132848.40741412825,195424.44081253564,62576.033398407395
1614,120249.3554610473,99836.92564479029,146863.56649461397,47026.640849823685
1615,91043.02800844965,73960.79918378746,108799.01266187619,34838.21347808873
1616,78491.70289648425,63059.135320460846,92762.33995441388,29703.204633953035
1617,93269.56749806767,76376.7727503901,112352.98183972097,35976.20908933088
1618,127238.54268766596,105198.3766378027,154750.42082161966,49552.04418381695
1619,139566.38712704479,115734.16997095142,170248.8870663505,54514.71709539907
1620,160418.37847565644,134480.48798729098,197825.28001581226,63344.792028521275
1621,135428.21664994324,110102.51074053466,161964.54836260754,51862.03762207288
1622,137797.46322215153,113560.54946425176,167051.42646830063,53490.877004048874
1623,256578.64084541603,210597.59934739803,309795.8211756657,99198.22182826768
1624,194355.47172681612,160146.9227015854,235581.37103465505,75434.44833306965
1625,121782.23557231325,101411.80368950758,149180.25907236445,47768.455382856875
1626,167595.9054549534,135202.97079638438,198888.07377752187,63685.10298113749
1627,185517.93028305724,150117.16012044498,220827.2911195346,70710.13099908963
1628,261547.99685355896,214210.0847617708,315109.89497000293,100899.81020823214
1629,181430.41748646565,145260.03170553132,213682.31034736862,68422.2786418373
1630,318271.82807578036,252432.83652855555,371336.70289099676,118903.86636244121
1631,221324.85570108655,182103.04448965556,267879.4810713206,85776.43658166504
1632,238589.82337649775,196850.64989951512,289573.6485068363,92722.9986073212
1633,170969.78745514207,139206.25990449887,204777.03146187583,65570.77155737695
1634,183688.92493150625,149223.1500662152,219512.1756640771,70289.02559786191
1635,174836.6279494203,145916.55810950216,214648.08026985772,68731.52216035555
1636,159708.4415204091,131652.51427973618,193665.2463418767,62012.73206214051
1637,188358.40158635654,154064.23896044423,226633.56182290433,72569.3228624601
1638,212717.788826812,173649.89069047407,255444.63970005588,81794.7490095818
1639,190761.15206657318,152789.33814693897,224758.14469970364,71968.80655276467
1640,264165.59415327816,207171.39226348244,304755.7683615646,97584.37609808217
1641,187300.51815057918,150484.49090931515,221367.64566635762,70883.15475704247
1642,225627.47020329567,189049.93967055622,278098.5710878382,89048.63141728198
1643,231734.42196690818,192683.58917136854,283443.7778845904,90760.18871322184
1644,232731.93203524416,192909.58078326515,283776.2182863541,90866.63750308895
1645,209655.79268025362,173132.68052515708,254683.80812001944,81551.12759486237
1646,163992.36742072593,135936.86771121988,199967.65802922726,64030.79031800738
1647,171251.16455659695,139568.02938981346,205309.20516529126,65741.17577547781
1648,131928.96124856232,109368.6192252124,160884.97205374716,51516.35282853476
1649,132942.5083251376,111054.81523903276,163365.41668433527,52310.60144530251
1650,122205.62820058958,101678.42531462233,149572.4674354457,47894.04212082336
1651,124296.40487755819,102854.96887773255,151303.19810960835,48448.2292318758
1652,102903.10111962967,85010.54441688556,125053.51748110329,40042.97306421773
1653,104791.44269515094,86578.62313249787,127360.20804293641,40781.58491043854
1654,148362.54991038618,122878.8419401769,180758.91263759267,57880.070697415766
1655,149089.72026196605,121051.40611198533,178070.70002729705,57019.29391531172
1656,146374.07711217884,119248.76705462253,175418.96420650516,56170.19715188263
1657,150972.07683964967,125550.07498169573,184688.3761166771,59138.301134981375
1658,146918.4717765383,120470.0391494369,177215.49188492494,56745.45273548804
1659,132585.4715377853,107525.30340090592,158173.39949551303,50648.09609460711
1660,147994.52380249763,121784.10292776485,179148.5188974957,57364.41596973085
1661,507717.4799380902,420943.9024389986,525000.0,104056.09756100143
1662,388064.6039287396,310863.534985793,457290.00313714903,146426.46815135604
1663,378898.1175081603,305289.68274526566,449090.70023974555,143801.0174944799
1664,509805.7271657933,418823.77687123005,525000.0,106176.22312876995
1665,307061.0058057281,254732.76229891359,374719.96229920187,119987.20000028829
1666,324098.9526515999,267646.4259322165,393716.3466803237,126069.9207481072
1667,353622.20753220934,291593.8195359768,428943.67695164,137349.8574156632
1668,333186.49227458006,275986.1759723058,405984.36773946387,129998.19176715804
1669,304033.81058488885,250879.5825554439,369051.81996756047,118172.23741211658
1670,346724.18874327576,289872.24248899275,426411.1857659562,136538.94327696343
1671,269350.59022747044,221816.2872339988,326298.8456772567,104482.5584432579
1672,435116.26768983394,350325.12671442423,515339.1815929645,165014.05487854028
1673,320321.3747012393,256135.20786213057,376783.0015535126,120647.79369138202
1674,261132.80661397753,213757.56159972667,314444.2199012036,100686.65830147691
1675,186787.3074231451,154805.3786490818,227723.8004109032,72918.4217618214
1676,190184.61041595056,159194.78466462658,234180.74758281666,74985.96291819008
1677,217074.00891022861,181871.96834508513,267539.561170337,85667.5928252519
1678,461372.6298495934,368037.27737818373,525000.0,156962.72262181627
1679,359250.64879346313,298211.78772815486,438678.90555682377,140467.1178286689
1680,301321.2467550973,257658.4720464155,379023.76860307774,121365.29655666224
1681,242679.09632788826,198908.19757147017,292600.3625028662,93692.16493139602
1682,308623.52140401467,253252.78223590227,372542.867483068,119290.08524716576
1683,191833.9496911046,159618.36672640825,234803.84942990224,75185.482703494
1684,179202.2790622161,145014.79237165072,213321.55597246357,68306.76360081285
1685,168499.6274508255,138309.64056575895,203458.07767107658,65148.43710531763
1686,173964.64517164408,143282.2426505447,210772.92365586376,67490.68100531906
1687,167482.20006869847,137903.86472806634,202861.16931073324,64957.3045826669
1688,188755.62087344818,152690.72366517468,224613.07985564898,71922.3561904743
1689,191156.2326355302,154887.86019726636,227845.13322846423,72957.27303119787
1690,191801.67074993145,158018.31775537864,232450.12966877175,74431.81191339312
1691,178920.69124120875,147145.7300668529,216456.22888169816,69310.49881484525
1692,262546.7189054236,212614.9668807501,312763.42898935545,100148.46210860537
1693,163912.55591296544,133810.08936080127,196839.10364023034,63029.01427942907
1694,179564.80564453328,146874.8980487788,216057.82690499007,69182.92885621128
1695,170705.3087572147,138851.99399438035,204255.89574138328,65403.901747002936
1696,269733.99218816444,224145.18345537785,329724.72148301697,105579.53802763912
1697,174658.14441276272,141819.61720729887,208621.3580030421,66801.74079574324
1698,377266.4694936705,308441.65868489497,453727.35086109454,145285.69217619958
1699,322651.5216486892,270955.9512882538,398584.7571924437,127628.80590418988
1700,258018.65693741897,213966.17647129216,314751.09859964333,100784.92212835117
1701,275480.54828694236,231043.9370140696,339872.99373734253,108829.05672327292
1702,257970.65442107167,208218.71770449335,306296.4153239234,98077.69761943005
1703,267711.25173658394,219317.09493580036,322622.45926306496,103305.3643272646
1704,294598.87742836215,239023.71617288052,351611.48689325154,112587.77072037102
1705,228655.94555778545,185984.2324605559,273588.8243409155,87604.59188035957
1706,398921.9111473557,322070.4589310831,473775.72253018833,151705.26359910524
1707,201411.0202359458,162961.422868968,239721.58472912124,76760.16186015325
1708,199701.07129010677,162818.12462455747,239510.78873742904,76692.66411287157
1709,285819.7664955941,229650.10504774918,337822.6253409849,108172.52029323572
1710,221731.07097927533,179056.95773865507,263398.59660480707,84341.638866152
1711,261930.42451331706,216173.82844850066,317998.62050587015,101824.79205736949
1712,256451.27503865096,208596.0683001692,306851.5093054189,98255.44100524968
1713,276320.58267978113,222069.4006998298,326671.183135123,104601.7824352932
1714,221972.7897676417,184574.6991776507,271515.35883953754,86940.65966188684
1715,204744.19230366917,168481.4376531942,247841.69112249312,79360.25346929891
1716,178761.72022463995,148136.04581596155,217913.01288683753,69776.96707087598
1717,178392.88993243367,146970.78647998604,216198.8816473653,69228.09516737927
1718,138336.39282829198,116423.08383683552,171262.2999113366,54839.21607450108
1719,191747.93184205558,159640.2848642836,234836.09166447035,75195.80680018675
1720,228110.5948437289,189202.26422407915,278322.64504946297,89120.38082538382
1721,174092.87571299128,145628.4094479009,214224.2049940168,68595.7955461159
1722,131330.8040239979,111695.67348184559,164308.13827442587,52612.464792580286
1723,156742.65236636926,133299.0755124461,196087.3870272626,62788.31151481648
1724,199205.14609818408,162251.38619335627,238677.09960099467,76425.7134076384
1725,225427.16894802745,190367.4415552675,280036.6556574474,89669.21410217992
1726,174588.84846677005,145483.29271235585,214010.7339476254,68527.44123526957
1727,152556.5997715538,126814.7207654124,186548.70778518153,59733.98701976912
1728,180484.6399872731,152270.44888658117,223994.84312077973,71724.39423419855
1729,159784.34881865102,132968.8598387253,195601.62992185884,62632.77008313354
1730,169417.86086009213,143227.20594567264,210691.96302141424,67464.7570757416
1731,122957.61891345207,101930.69983896098,149943.5707853535,48012.87094639253
1732,123669.65022402303,105413.60453271336,155067.02747464713,49653.422941933764
1733,115813.80536352408,95755.26835300794,140859.32687459263,45104.058521584695
1734,120596.86824743563,101063.85110213122,148668.41043793346,47604.559335802245
1735,129871.67230161336,108088.94219398778,159002.52897182075,50913.58677783297
1736,115753.95832521992,97009.80570865708,142704.78874390505,45694.98303524798
1737,355049.79144571215,289251.12599287945,425497.5048740987,136246.37888121925
1738,245171.04549965015,202747.11432411813,298247.5235495859,95500.40922546777
1739,281571.01226192975,230541.308251076,339133.61183504405,108592.30358396805
1740,204806.70497928694,171089.80670866778,251678.67980305752,80588.87309438974
1741,185751.25695868002,152364.85837569242,224133.72229521922,71768.8639195268
1742,171042.2860948717,142187.65161179224,209162.74758943368,66975.09597764144
1743,181544.5551498015,147605.42131187257,217132.44841435732,69527.02710248475
1744,301190.3064788458,248841.69545069765,366054.02725231147,117212.33180161382
1745,217925.6176531703,171902.86779553146,252874.71691305036,80971.8491175189
1746,223478.17938283583,185399.9333043384,272729.3028541974,87329.369549859
1747,218430.58522516204,181473.83466277778,266953.89464850834,85480.05998573056
1748,234440.49966463083,186610.2010464487,274509.6428015621,87899.4417551134
1749,157926.8915662854,130886.76836490387,192538.81126121414,61652.042896310275
1750,145020.50234639875,121066.17804855116,178092.42998658872,57026.25193803756
1751,251174.18235612818,201870.4624263934,296957.94246009,95087.48003369657
1752,117997.35526344745,97998.42926275417,144159.0834797093,46160.65421695514
1753,144029.27774419633,119978.25132095984,176492.05732065343,56513.80599969359
1754,217552.36549300567,177191.35646542878,260654.24148650264,83462.88502107386
1755,165257.34864271368,134450.70578658496,197781.4695102584,63330.763723673444
1756,130437.7346495506,109000.13744351148,160342.9243621394,51342.78691862791
1757,118149.28659560763,98670.50769234079,145147.73089575034,46477.22320340955
1758,139156.89581564104,116446.99322483274,171297.47133422707,54850.47810939433
1759,166777.77076280472,138153.27256702393,203228.05568094074,65074.78311391681
1760,163320.3681980841,134483.5384857682,197829.7673900596,63346.228904291405
1761,156922.62127890097,128515.93713473745,189051.24780672995,60535.3106719925
1762,162923.85091108692,135580.91566677918,199444.0419548544,63863.126288075204
1763,165181.90931541994,135086.25228801207,198716.37737033702,63630.12508232496
1764,113741.90332929896,97238.55411487416,143041.28447234127,45802.73035746711
1765,166876.58183054317,135197.69396435053,198880.31140020775,63682.61743585722
1766,178878.56839147292,145488.69773686444,214018.68489989353,68529.98716302909
1767,215695.569956508,176572.7088460425,259744.1923859499,83171.4835399074
1768,137464.36298417658,114270.45546333063,168095.71936734972,53825.2639040191
1769,172801.03951914265,139781.58391032316,205623.3502346631,65841.76632433996
1770,144796.7383121484,119352.06923646893,175570.9247972009,56218.85556073196
1771,126785.89825602568,106400.49302842835,156518.7698878196,50118.27685939125
1772,129051.8109985947,109685.65570254702,161351.3421681703,51665.686465623265
1773,129932.6762241236,109223.50912472328,160671.51076772096,51448.00164299768
1774,133339.8865201064,111075.80674151349,163396.29581059905,52320.48906908557
1775,132776.43629893477,110561.87645777129,162640.28903418832,52078.41257641703
1776,123233.02257778503,101293.53838356746,149006.28727982094,47712.748896253484
1777,111020.57363597448,93709.0822128776,137849.3260307579,44140.243817880284
1778,135443.0023031191,108623.6576091074,159789.11129644688,51165.45368733948
1779,116013.96391714251,97669.04830355028,143674.55426425696,46005.50596070668
1780,181284.07207138775,148242.3857692202,218069.44212988848,69827.0563606683
1781,126869.28548237051,105443.45239467802,155110.9345698709,49667.48217519288
1782,85068.9935483464,70727.85789839667,104043.2596019544,33315.40170355773
1783,129426.66098056291,108342.52872133511,159375.56231728755,51033.03359595244
1784,99254.46414588887,82059.32013256938,120712.17853255023,38652.85839998085
1785,108574.74902189856,91133.02571193737,134059.8700817003,42926.84436976293
1786,134666.36403338562,109540.75590961825,161138.1902508382,51597.43434121995
1787,155315.70041936758,125651.3420682568,184837.34302150723,59186.000953250434
1788,67877.53779448855,52766.10927643898,77620.9916330215,24854.882356582522
1789,103148.33118884558,85276.62075609586,125444.9237123548,40168.302956258936
1790,80392.49966449561,65181.23040721262,95884.00512286896,30702.774715656335
1791,175397.1673160535,143046.48153326864,210426.11202029127,67379.63048702263
1792,149608.53114264153,125518.20859898618,184641.49971723108,59123.2911182449
1793,135567.4952287562,112304.13094839618,165203.19735621507,52899.066407818886
1794,150258.01504604027,120651.96038567103,177483.10344959976,56831.14306392873
1795,130477.3469384332,108401.94145728077,159462.96022397044,51061.01876668967
1796,123417.46243745243,101709.67638287891,149618.43868897838,47908.76230609947
1797,128462.352153945,104797.00632151918,154159.99311467278,49362.9867931536
1798,116881.23952158046,96973.90239830775,142651.97390349125,45678.0715051835
1799,112797.32914083752,93114.06428213642,136974.03690700608,43859.97262486967
1800,117279.9135044561,99893.42956431663,146946.68544558264,47053.25588126601
1801,128774.41926132032,105722.70604337494,155521.72501641753,49799.01897304259
1802,150263.69208590637,123342.1401300162,181440.43809366607,58098.29796364988
1803,142104.76191704467,118505.16547005423,174325.1040961611,55819.93862610689
1804,135827.72216910744,111968.20079679522,164709.03408340353,52740.83328660831
1805,137118.01398970847,113536.60759419765,167016.2072633356,53479.59966913794
1806,122009.91469279902,101953.65386069691,149977.33683597788,48023.68297528097
1807,134765.0508846158,107240.6178558801,157754.61856744913,50514.000711569024
1808,122309.40038652759,100896.9820591535,148422.9410985014,47525.959039347916
1809,113929.70525278986,94228.21575485518,138612.9869552307,44384.77120037553
1810,134918.7713866472,112709.252515034,165799.14326432184,53089.89074928785
1811,96328.25840259512,81722.92912761527,120217.33733071032,38494.40820309505
1812,100994.29720893674,80844.7864970452,118925.56332873473,38080.77683168952
1813,117674.19142717398,97622.3967650598,143605.92845965954,45983.53169459973
1814,91910.4440042561,77045.38693751828,113336.53325177752,36291.14631425924
1815,62157.95796836583,47879.96060872984,70433.32120340472,22553.36059467488
1816,95932.97017636982,80197.7216042475,117973.71157139027,37775.98996714277
1817,96328.33185024308,84583.01270086154,124424.60557482069,39841.59287395915
1818,131779.98032663632,111113.75606659596,163452.12039971192,52338.364333115955
1819,122962.14689408091,101673.77417823645,149565.62547509233,47891.85129685588
1820,69883.53616728568,55395.81525062507,81489.36755742943,26093.552306804362
1821,113712.46234027058,93897.7034252105,138126.7934601145,44229.09003490402
1822,141073.2384102229,116001.66109490504,170642.37448815827,54640.71339325323
1823,56984.480144505374,44860.99296151656,65992.32974744512,21131.336785928564
1824,129567.08996630515,107776.23641679899,158542.52944648417,50766.293029685185
1825,131972.07298916296,110981.85284378869,163258.08682467794,52276.23398088926
1826,97452.53016013777,79934.12633368257,117585.95506611906,37651.828732436494
1827,108089.4532858625,89359.49942094075,131450.9600085811,42091.460587640366
1828,133220.33849043812,110179.43105185445,162077.70043486517,51898.26938301072
1829,120779.82666181136,98802.16986117457,145341.40987319936,46539.24001202479
1830,129935.754140807,108496.832130591,159602.54723471898,51105.71510412797
1831,156512.62299370798,128312.5356602443,188752.0381708839,60439.50251063959
1832,97514.87764851049,80647.66092704999,118635.58573559689,37987.9248085469
1833,127680.38513063958,105890.52653578659,155768.59396634583,49878.06743055924
1834,119687.52432730244,99816.91597918428,146834.1316796782,47017.21570049391
1835,139922.34442143983,110127.06134706674,162000.66303708847,51873.60169002172
1836,123734.93731368266,101317.64233578261,149041.7449124793,47724.10257669669
1837,93793.47267133817,77972.73867741167,114700.69532133047,36727.95664391879
1838,123052.17112755116,101526.66076041553,149349.21724951803,47822.5564891025
1839,101714.05359849345,82861.78201189809,121892.62389211598,39030.84188021789
1840,138667.36283858764,116835.80747519084,171869.42869368722,55033.62121849638
1841,128530.16349036361,106660.41869904997,156901.12830212084,50240.70960307086
1842,88576.07976502023,72936.44349233109,107292.1548862321,34355.711393901016
1843,130946.8317429045,111402.4288158555,163876.7666241302,52474.33780827469
1844,128235.05442016626,105423.9157366561,155082.19556319973,49658.27982654363
1845,132499.73599980734,112496.06784364447,165485.5422540373,52989.47441039284
1846,148000.42659072048,119715.07961706934,176104.92389459407,56389.84427752474
1847,168302.10487734555,143481.80406498176,211066.4844488296,67584.68038384785
1848,59680.76505878417,47550.828421207436,69949.15793851596,22398.32951730852
1849,105907.42406604538,90536.27715449467,133182.03515445106,42645.75799995639
1850,113125.28929845187,94956.52726061593,139684.35490359087,44727.82764297494
1851,140976.05981735906,113755.43441580591,167338.10804488062,53582.67362907471
1852,123893.9621061925,105315.1734003523,154922.23234303336,49607.05894268106
1853,118626.96871685832,97219.47312940077,143013.21577358036,45793.7426441796
1854,170919.53445530013,140419.32966516961,206561.49326211886,66142.16359694925
1855,149885.08894941423,120872.25114744424,177807.15773079245,56934.9065833482
1856,223417.84576567795,184660.89342262663,271642.15314481745,86981.25972219082
1857,163530.37432607415,137087.50149587743,201660.27464647376,64572.77315059633
1858,147874.5967712726,125505.39042128775,184622.64379550822,59117.25337422047
1859,132092.9996241427,111912.26843622258,164626.75591270367,52714.48747648108
1860,157928.2556530757,132480.94253373097,194883.88901307667,62402.9464793457
1861,131248.49472348156,111812.46798277236,164479.94646892496,52667.4784861526
1862,321490.3881260736,272861.5855718981,401388.00206313975,128526.41649124166
1863,316805.3593550983,270134.1680569618,397375.8895478409,127241.72149087914
1864,316811.0859572808,270138.18815811974,397381.80323655205,127243.61507843231
1865,298396.2101558046,245260.26086471017,360785.6301526837,115525.36928797353
1866,312405.16880520625,255362.85802121146,375646.8519006007,120283.99387938925
1867,241894.99306461847,191768.98440803486,282098.3669977615,90329.38258972662
1868,280018.7813349469,227608.47828705944,334819.33148030005,107210.85319324062
1869,203989.80258597387,168365.02829854182,247670.44948965142,79305.4211911096
1870,230133.13569786877,184793.1209045052,271836.66371461697,87043.54281011177
1871,242678.92647360303,196418.32326862979,288937.6831377746,92519.3598691448
1872,169925.9493543205,140469.76100058263,206635.67926072955,66165.91826014692
1873,230883.23445241648,195706.0298159939,287889.8782233324,92183.84840733849
1874,153990.57383061267,126221.47455702526,185676.02491785775,59454.550360832494
1875,207986.19391510903,172287.7539060763,253440.89586168033,81153.14195560402
1876,193945.06943516145,158701.66684775785,233455.35656595137,74753.68971819352
1877,212842.598722076,173103.61037584252,254641.04506330084,81537.43468745833
1878,210473.40686872424,175265.19442041923,257820.79966655563,82555.6052461364
1879,131272.71104732604,109448.7702370168,161002.87658277992,51554.106345763124
1880,144697.12118125818,119621.03372304191,175966.57957936783,56345.545856325916
1881,244903.67663696522,198939.7442602137,292646.7686229527,93707.024362739
1882,252537.1425043126,209183.4974026585,307715.63503645983,98532.13763380132
1883,188633.30409884895,155631.73918056826,228939.4014006194,73307.66222005113
1884,202989.4208350114,167598.05402072653,246542.2074504025,78944.15342967596
1885,243447.20878684873,203540.8182298947,299415.08566883195,95874.26743893724
1886,276888.37028638076,226174.39030719182,332709.7452872962,106535.35498010437
1887,213500.14912793532,174412.04132597015,256565.7860175782,82153.74469160807
1888,281232.744719466,225362.72261790896,331515.7579067057,106153.03528879676
1889,166202.8783230187,137294.704214803,201965.07602625978,64670.371811456775
1890,117435.59869937225,99508.59849677244,146380.58746684837,46871.98897007594
1891,129609.01519778925,104815.31476020801,154186.92537407082,49371.61061386281
1892,98944.86854195276,82722.03365880794,121687.0498964388,38965.01623763086
1893,123868.35272289177,102508.27677595297,150793.2036870868,48284.92691113382
1894,123157.16705655878,101499.42200105381,149309.148222045,47809.7262209912
1895,133945.20386412472,111143.02007383527,163495.16862722006,52352.14855338479
1896,119836.70411075998,98790.77545154095,145324.64835676664,46533.8729052257
1897,115884.98630939073,98324.37993359611,144638.56663866583,46314.18670506972
1898,119440.70600751159,97830.50050495489,143912.05526816656,46081.554763211665
1899,162466.63186420297,130532.38447804192,192017.50199341314,61485.117515371225
1900,160443.26772978605,127106.99820526711,186978.65661698254,59871.65841171543
1901,174290.77325225467,143179.4126571951,210621.65766853082,67442.24501133573
1902,137941.19071294068,117535.33317631955,172898.4518648379,55363.118688518356
1903,220222.30698669542,181524.2132752533,267028.0030901054,85503.78981485212
1904,142821.81868868045,121886.34534490565,179298.92054269984,57412.57519779418
1905,195738.12269257728,162222.48945187157,238634.59163236603,76412.10218049446
1906,178945.89490804073,146493.34842721903,215496.55603117478,69003.20760395576
1907,207372.81221426613,174026.92597998012,255999.26985677096,81972.34387679084
1908,126143.77854589545,101579.50380391344,149426.95094265573,47847.4471387423
1909,143762.39163639935,115554.47469810267,169984.54996020952,54430.07526210685
1910,132408.91369526216,106632.55889104781,156860.14569357366,50227.58680252585
1911,213798.7885211707,174835.79924451804,257189.1465552122,82353.34731069417
1912,315953.6911477861,257067.10585923027,378153.85130301747,121086.7454437872
1913,137606.55552533417,112545.93190172617,165558.8937707734,53012.96186904723
1914,80150.00043133381,63404.66729636089,93270.6277971635,29865.960500802612
1915,264285.71163460653,215089.7725637384,316403.9419651922,101314.16940145381
1916,65489.09081455091,53268.74531824954,78360.38424267684,25091.6389244273
1917,238274.7196691161,197460.31247296935,290470.4803368256,93010.16786385624
1918,136999.4836705281,116025.88251227676,170678.00491556557,54652.12240328881
1919,170465.96415169735,142041.5656470563,208947.8507779932,66906.28513093691
1920,163499.27975382307,135749.43486877237,199691.9387274176,63942.50385864524
1921,382896.2777574532,310712.1921958134,457067.37337897957,146355.18118316616
1922,309589.8449475869,247237.34192707186,363693.97536591993,116456.63343884808
1923,227028.98643339114,190325.29518032583,279974.657082806,89649.36190248016
1924,236045.99552131834,198365.8763818069,291802.59185702854,93436.71547522163
1925,223581.01948950387,181298.39515147696,266695.8178945412,85397.42274306423
1926,364788.56263714615,301826.5432941796,443996.31881195307,142169.77551777347
1927,130719.48492195542,109645.32401295447,161292.0130498042,51646.689036849726
1928,158077.31353623053,130569.76424720536,192072.48874878095,61502.72450157559
1929,121392.32772718323,102285.86888067861,150466.03503936608,48180.16615868747
1930,132046.2404809637,109172.69745037438,160596.76527919123,51424.06782881684
1931,143207.62544916876,119659.46449915308,176023.11239730415,56363.64789815107
1932,136202.89448403302,111307.10813632139,163736.54706140052,52429.43892507913
1933,163114.26209525016,133389.32390342324,196220.14510223354,62830.8211988103
1934,179514.358112921,146487.71669695975,215488.27158798545,69000.5548910257
1935,171251.8313565013,139700.1948121106,205503.62444359547,65803.42963148488
1936,177318.97789895232,142351.94591817865,209404.4294145431,67052.48349636444
1937,181208.51167436884,148577.80449430348,218562.85307903818,69985.0485847347
1938,166166.06297329813,139360.1329489615,205003.38329985982,65643.25035089834
1939,240944.91574567178,202124.4295464505,297331.53566878475,95207.10612233425
1940,192220.2921163253,157022.2943315613,230984.94950389274,73962.65517233143
1941,176831.69534219164,144070.76491662452,211932.86342856282,67862.0985119383
1942,178414.22244933047,145921.0149967004,214654.63648386212,68733.62148716173
1943,207782.6672926517,172012.58960810528,253036.12097202477,81023.5313639195
1944,324397.99673673057,264516.5126225294,389112.15084568295,124595.63822315354
1945,344596.4148503889,286887.2469333725,422020.16827001737,135132.92133664485
1946,149829.26281399254,118761.23736356945,174701.79348939203,55940.55612582258
1947,286148.5275856201,241561.29808919533,355344.34558074165,113783.04749154631
1948,173625.47674587896,143179.8079279221,210622.23912356,67442.43119563788
1949,233174.9486403385,191426.1791078374,281594.0901762991,90167.91106846169
1950,188079.6726898648,154265.16227885883,226929.12601724273,72663.9637383839
1951,250289.8322987385,203761.7163029307,299740.0333230065,95978.31702007577
1952,221483.00003231817,178924.08813492855,263203.1414546166,84279.05331968807
1953,171590.2250108954,141882.13729133699,208713.32691145205,66831.18962011507
1954,205299.0128487662,167606.72426580687,246554.96163952354,78948.23737371666
1955,141569.00197670405,116052.67578815609,170717.41862354852,54664.74283539243
1956,318622.70615515334,251170.57767139983,369479.8824626585,118309.30479125868
1957,163843.55800614343,133343.49668485875,196152.73189683427,62809.23521197552
1958,303277.70879166893,245376.69145523602,360956.90302412864,115580.21156889261
1959,137466.9358114149,113866.85726749177,167502.01438312585,53635.15711563408
1960,111929.00146706366,93385.40979863395,137373.19425521113,43987.78445657718
1961,121742.0264832348,101580.0429684885,149427.74406982734,47847.70110133884
1962,102593.6357458142,85033.96189647568,125087.96529205478,40054.0033955791
1963,107216.86265736223,88930.03747708918,130819.20867959116,41889.17120250198
1964,105513.95185161429,89236.27448321716,131269.6924497529,42033.41796653575
1965,144243.24691044368,116937.7693346831,172019.41763022216,55081.64829553907
1966,145808.88230387983,117199.21500339288,172404.01200704812,55204.79700365524
1967,282379.8032754716,230839.55044636212,339572.3349999958,108732.78455363365
1968,404920.911660867,326089.95959141746,479688.52789140056,153598.5682999831
1969,362539.6129743088,300139.8732296578,441515.1768386437,141375.30360898585
1970,453317.3262233813,370560.630215853,525000.0,154439.369784147
1971,500094.12501848076,408973.7028421367,525000.0,116026.29715786327
1972,371091.76940900576,303229.90395598474,446060.7042035816,142830.80024759687
1973,273606.1146797297,229857.786768994,338128.13134746975,108270.34457847575
1974,320614.0145135359,261524.51628544097,384710.8349913917,123186.31870595072
1975,495254.90612329246,408270.9649622661,525000.0,116729.0350377339
1976,284069.15068421006,233980.5651540481,344192.8613222148,110212.29616816674
1977,358367.73563449003,283033.39472513093,416351.0367226389,133317.64199750795
1978,354562.3224217301,286997.23857858137,422181.96926084626,135184.7306822649
1979,313116.21336217166,256365.8139637032,377122.23000722646,120756.41604352326
1980,197761.0480821091,164064.17227412557,241343.76199587333,77279.58972174776
1981,323146.15348898445,272717.3125628542,401175.77216359746,128458.45960074326
1982,223374.98024160205,185980.12554423965,273582.782944517,87602.65740027733
1983,206601.34212827825,171337.1846249994,252042.58009653568,80705.39547153626
1984,182979.85631570485,151045.7168309499,222193.22573679782,71147.5089058479
1985,220411.69838774158,180983.10830589719,266232.0215406158,85248.91323471864
1986,226975.2662132106,184960.9609815637,272083.5614741449,87122.60049258123
1987,180934.36130696052,146586.45199934632,215633.51416277926,69047.06216343294
1988,171508.25545069476,141780.5879678756,208563.94482772326,66783.35685984767
1989,192739.1230020827,158900.09050740954,233747.24368769207,74847.15318028253
1990,211641.37357690063,172458.80659603185,253692.51947060265,81233.7128745708
1991,220553.16765783558,184846.29513806425,271914.8845982131,87068.58946014883
1992,203349.36928109554,165721.68215619703,243782.008471036,78060.32631483898
1993,173816.01259886395,144485.7048001612,212543.2523736793,68057.5475735181
1994,234756.21974322223,189261.3998851906,278409.6353708004,89148.2354856098
1995,190485.62896692948,153727.47006790634,226138.1647371574,72410.69466925107
1996,250573.11280120784,210139.00764865335,309121.2191083733,98982.21145971993
1997,326451.7051692241,270454.43422737834,397847.0106371198,127392.57640974148
1998,325607.3099984421,265600.8228963196,390707.2036002086,125106.38070388901
1999,270751.88471377845,226487.7802644776,333170.7512619626,106682.97099748498
2000,322199.11022864055,264141.86829634744,388561.03786733304,124419.1695709856
2001,281273.4127771846,232376.03524521572,341832.5499679234,109456.51472270765
2002,256658.5299867702,210677.38698590102,309913.1911717337,99235.8041858327
2003,270083.1990327656,220782.14708222402,324777.5946686426,103995.4475864186
2004,269182.78744439286,225596.71869675175,331859.973118097,106263.25442134525
2005,227956.13982878727,187699.99677625054,276112.7648254959,88412.76804924535
2006,212982.21371258417,174333.59805334997,256450.39362382228,82116.79557047231
2007,258491.42659685836,214130.14053372212,314992.2946260426,100862.15409232047
2008,203214.07391253376,165669.00416189275,243704.5175701851,78035.51340829235
2009,178472.69681202256,150136.75017273606,220856.10867076833,70719.35849803226
2010,188519.23070934688,157264.94924917698,231341.90212538652,74076.95287620954
2011,145621.38891575302,123279.37980277836,181348.1157803436,58068.73597756523
2012,171390.21781300395,143936.59301090037,211735.49255328998,67798.89954238961
2013,167404.87407099895,139307.20647982796,204925.52688512378,65618.32040529582
2014,174677.85426156243,144813.38172938678,213025.2749102073,68211.89318082054
2015,187667.9142527053,155038.21006057665,228066.30236188706,73028.09230131042
2016,178332.49942522845,149399.82547006756,219772.07045285057,70372.24498278301
2017,188527.28203900997,156704.78544990014,230517.88446861482,73813.09901871468
2018,123068.92039516963,103724.83279329096,152582.79387487212,48857.96108158116
2019,136990.58981814078,113451.34508287098,166890.7835660446,53439.43848317364
2020,115684.89213281458,96702.24313345396,142252.35502209596,45550.111888642
2021,111306.33957825995,92547.76431968121,136140.9927711753,43593.2284514941
2022,191133.9398597656,157994.88250556475,232415.65571729105,74420.77321172631
2023,140723.2763277551,115826.88177410513,170385.2688941095,54558.387120004365
2024,268236.0768205341,218991.71011443177,322143.8084855614,103152.09837112963
2025,358506.7513424396,306891.258941273,451446.6665943709,144555.40765309794
2026,175101.1357621009,143256.86791878467,210735.5966685913,67478.72874980661
2027,159556.85860346464,130063.94661788785,191328.4159290055,61264.46931111766
2028,168204.31090451797,136551.1731101334,200871.3195939489,64320.14648381551
2029,175040.1855371834,144356.62073292406,212353.3658605761,67996.74512765204
2030,267858.86494837917,221746.83590017798,326196.6806936777,104449.84479349971
2031,236740.52914007148,191911.08992997833,282307.40845912934,90396.318529151
2032,246022.70336876597,202556.39520317232,297966.9700340852,95410.5748309129
2033,261373.05740281194,214642.52144380595,315746.0222275886,101103.50078378263
2034,176234.88607569857,144445.86280675948,212484.64361301612,68038.78080625663
2035,220372.27663321013,182578.58272490566,268579.0119992778,86000.42927437215
2036,210490.1881281636,172212.7576638977,253330.57415251873,81117.81648862103
2037,214212.24124408912,175513.21725031512,258185.64864712264,82672.43139680751
2038,303326.649678605,239906.643428904,352910.2992219804,113003.65579307638
2039,209513.67993846902,170532.79895102957,250859.30477767167,80326.5058266421
2040,293256.3130357393,248708.77002364869,365858.4899843487,117149.71996070002
2041,294769.5934922935,242230.06631914916,356328.1235943893,114098.05727524013
2042,214740.78902160208,177107.37753113965,260530.70596931918,83423.32843817954
2043,172598.04991499975,141710.3487714723,208460.62087478573,66750.27210331344
2044,189137.76276337888,154531.31767492177,227320.6485434825,72789.33086856073
2045,214823.9432646737,170993.8072998775,251537.46180934753,80543.65450947004
2046,152932.16836057737,125965.69156605755,185299.76050889137,59334.06894283382
2047,141649.21092756165,115738.81193102367,170255.71552807276,54516.903597049095
2048,140223.23511022833,115527.39126724661,169944.7094256013,54417.31815835468
2049,143633.98489230825,117677.69701130751,173107.8733123989,55430.1763010914
2050,180720.90205392477,146499.88411413398,215506.17022156698,69006.286107433
2051,107953.7417923793,90065.9953228819,132490.23655302744,42424.24123014553
2052,136355.55467108949,112062.45857018771,164847.69007949549,52785.23150930778
2053,143285.22532252065,118561.44809085218,174407.89751009963,55846.44941924745
2054,89380.44965397297,71970.95014658401,105871.88537681669,33900.93523023267
2055,149262.4422236895,123158.59320877642,181170.43509785854,58011.84188908212
2056,138723.9446057852,115133.63460537234,169365.48163138333,54231.84702601099
2057,115979.40143025252,97126.15700637424,142875.94497326337,45749.787966889126
2058,194207.0051340664,158867.73664692993,233699.65019390621,74831.91354697628
2059,129134.40643211413,109568.9477066866,161179.66122520398,51610.71351851738
2060,167615.53138078997,135767.31818515286,199718.24561921996,63950.927434067096
2061,179046.80338554218,147089.46562879253,216373.46221510894,69283.99658631641
2062,129140.78973402365,107576.56863722717,158248.8121872325,50672.24355000534
2063,111021.53830706998,93035.99974281565,136859.20164123003,43823.20189841438
2064,136999.1601757338,113928.32416311919,167592.43401997018,53664.10985685099
2065,122541.79602097314,101952.79846670572,149976.07852590297,48023.28005919725
2066,159549.2811506384,134731.63521116858,198194.72507311785,63463.089861949265
2067,125159.52543749164,103790.23237937156,152678.99861667363,48888.76623730207
2068,145041.90594532815,118025.61202821307,173619.66667954673,55594.05465133366
2069,88088.77772381053,71778.39048449566,105588.62437039742,33810.23388590176
2070,108145.37942418669,90744.05410105688,133487.68124021814,42743.62713916125
2071,92912.93371318937,76949.26888302792,113195.14072670386,36245.87184367594
2072,129305.92223998225,105921.39188596133,155813.99781707535,49892.60593111401
2073,137791.0514013899,116688.14318010198,171652.21011122072,54964.06693111874
2074,180130.01075610556,147195.2321811781,216529.0479683727,69333.81578719462
2075,144586.52521311675,118559.72719266266,174405.36601753352,55845.63882487087
2076,126140.18822790813,104122.72253676712,153168.10155540414,49045.37901863702
2077,137463.20320729708,114155.11061761095,167926.0436588992,53770.933041288255
2078,120375.55398410944,99727.50205671306,146702.60113276917,46975.09907605611
2079,133262.7995035076,107853.6294529064,158656.37691100436,50802.74745809796
2080,123884.98383610956,102688.4440942366,151058.23518614224,48369.79109190563
2081,124618.41242467522,102481.8149135473,150754.27749820868,48272.46258466138
2082,131405.69002482397,108625.34378610284,159791.59171310088,51166.24792699804
2083,139390.54062416768,114838.69927832253,168931.62296824134,54092.92368991881
2084,111375.41098684196,94020.63878522965,138307.63504150222,44286.99625627257
2085,118941.47406690072,98945.12352008397,145551.6989693415,46606.57544925752
2086,127202.64237503476,103717.0264479573,152571.310508046,48854.284060088714
2087,123359.55930394912,102336.83198667468,150541.00328836555,48204.171301690876
2088,103809.93279861688,88880.21864062686,130745.92368520598,41865.705044579125
2089,80327.76676560563,65789.52343010747,96778.82230313569,30989.298873028223
2090,128491.3441450257,104672.34546694269,153976.6132793248,49304.267812382124
2091,105601.86177112351,87425.88587086234,128606.55680242139,41180.67093155904
2092,124709.3765550938,103150.6834842927,151738.20311615366,48587.51963186095
2093,120039.45831537365,100708.53731089568,148145.73325306262,47437.19594216693
2094,119677.23478818017,97989.15271492564,144145.43740116144,46156.2846862358
2095,137163.13572672903,112788.71190133684,165916.03039161267,53127.31849027584
2096,88818.70416062571,72271.04912907898,106313.33993113512,34042.290802056144
2097,98683.87220096998,79903.0469806997,117540.23641087576,37637.18943017606
2098,134031.7664831284,114700.04333980435,168727.65594698302,54027.61260717867
2099,69231.87128168708,55150.017758710936,81127.79211540885,25977.77435669792
2100,90552.04994812809,75110.372147141,110490.06877934329,35379.69663220229
2101,122199.73491683337,101937.88592665012,149954.14173468406,48016.25580803394
2102,130993.32935428731,107054.3360232191,157480.59243536665,50426.256412147544
2103,101779.44379347263,85232.40881714587,125379.8866314475,40147.47781430163
2104,130607.89448214002,107070.60463533114,157504.5240490282,50433.91941369706
2105,120235.6127304809,99284.0955345238,146050.3369131188,46766.241378595005
2106,70639.5780496384,55426.89824578003,81535.09157041654,26108.193324636508
2107,191585.7661636736,156925.42301420178,230842.44890667094,73917.02589246916
2108,110544.06735941247,94355.17390610946,138799.7461825133,44444.57227640385
2109,104232.62099533503,89297.19391922759,131359.30675717152,42062.11283794393
2110,127329.12465838373,106470.95552554794,156622.42232277116,50151.46679722323
2111,146548.68769859686,121844.51501015005,179237.38687259873,57392.87186244868
2112,130114.59436864601,110831.84828552807,163037.42564528264,52205.57735975456
2113,118863.55641333695,97259.02850628225,143071.40291279336,45812.37440651111
2114,117172.53491985919,95453.17415044206,140414.93729203835,44961.76314159628
2115,149921.4588090075,122448.52064588953,180125.89717847976,57677.376532590235
2116,120611.74468293061,99328.64223831655,146115.86644309486,46787.22420477831
2117,140378.90488527494,116765.3280316964,171765.75133011278,55000.42329841638
2118,116584.73976495501,95610.2393296979,140645.98485551515,45035.745525817256
2119,109039.43263770916,89555.31390016637,131739.00894809086,42183.6950479245
2120,120223.16048742108,99265.19376829368,146022.53185121034,46757.338082916656
2121,101782.7397993682,86093.25387325334,126646.21538545295,40552.9615121996
2122,97774.36805060288,79668.20251015195,117194.77318998148,37526.57067982953
2123,98106.63859719053,80854.21137237847,118939.4276014662,38085.21622908773
2124,163774.90165123544,133062.43859040356,195739.28705675591,62676.848466352356
2125,128761.36927991807,106630.33984927088,156856.88141693233,50226.54156766145
2126,133314.4502851116,111499.97521305416,164020.260283931,52520.28507087685
2127,149505.14740529488,120218.65258858669,176845.69475579393,56627.04216720724
2128,122590.38123904211,101781.20637411512,149723.6614396157,47942.45506550059
2129,102395.15225293525,83130.78759839373,122288.33913349503,39157.5515351013
2130,125671.50314880568,104501.19871458714,153724.8513018065,49223.652587219374
2131,147387.96078520635,121414.61799260008,178604.99553722146,57190.377544621384
2132,114412.87467425791,94823.8174399542,139489.13479905456,44665.31735910036
2133,117682.41520638097,95217.3726846423,140068.06630258402,44850.693617941724
2134,118362.26234362072,97817.99927260281,143893.66558250174,46075.66630989892
2135,104080.97926194988,82822.72671474726,121835.17238510269,39012.44567035543
2136,70935.66684123951,56095.06500172673,82517.98479785956,26422.919796132832
2137,118661.65097364051,98890.10328866947,145470.76256783938,46580.65927916991
2138,136598.67713998706,113160.40806596451,166462.8065363813,53302.398470416796
2139,148356.95302777347,121632.1461527104,178924.98594896775,57292.83979625735
2140,136926.09551273036,112709.84973697131,165800.02179560502,53090.1720586337
2141,143298.88992537707,118079.79108738441,173699.36569158942,55619.574604205016
2142,116491.2595324719,99102.20684075227,145782.77321937715,46680.56637862488
2143,134647.13098887782,110522.39849336722,162582.2157710386,52059.81727767139
2144,119608.3088332406,99344.81654539658,146139.6593312415,46794.84278584493
2145,133343.9714933329,111165.71224575688,163528.54948895736,52362.83724320048
2146,160954.4418450046,132411.5588678385,194781.82357103858,62370.26470320008
2147,162755.69735938404,140404.32734676634,206539.42440427266,66135.09705750633
2148,134559.62192948328,111963.95745600428,164702.7920025337,52738.834546529426
2149,136428.5587580312,112763.46845743404,165878.8965326941,53115.428075260075
2150,226154.71880999912,188776.50759827934,277696.34435384587,88919.83675556653
2151,114135.72449698491,93230.81546330347,137145.7813768465,43914.96591354304
2152,152969.18863423148,128459.22281119718,188967.81934518105,60508.59653398387
2153,157539.8259375699,132028.68265085891,194218.60123579227,62189.91858493336
2154,105035.48221692315,86247.73541953518,126873.46234776285,40625.72692822767
2155,127787.73120256411,105935.49039318689,155834.73714172104,49899.24674853415
2156,246427.6597901564,203613.16578776442,299521.51108437276,95908.34529660834
2157,228403.13712426124,190226.29473641107,279829.0244769159,89602.72974050482
2158,223694.43722649288,187745.2266322708,276179.299292775,88434.0726605042
2159,208722.847616272,171543.22583972025,252345.67286899232,80802.44702927207
2160,177332.0126326116,145732.17114779603,214376.8415494683,68644.67040167228
2161,246941.30131312204,198368.29381456348,291806.1479727184,93437.85415815492
2162,391364.34555922745,316151.6465157372,465068.9729264812,148917.32641074405
2163,327880.1507854474,267464.9378718199,393449.37233022624,125984.43445840635
2164,235492.1467218,198618.40154725473,292174.0639074839,93555.66236022915
2165,194485.29636139516,161763.73553399512,237959.75093589223,76196.01540189711
2166,159660.50508969015,131186.8892002348,192980.29796170606,61793.40876147128
2167,214938.3298932685,175834.5585528716,258658.3512878474,82823.79273497581
2168,190550.5125919311,157244.97241982687,231312.51561356257,74067.5431937357
2169,187354.14046160207,152309.27044690933,224051.95079395518,71742.68034704585
2170,218527.59787887963,179766.82867355103,264442.83792339725,84676.00924984622
2171,157180.18300224334,129935.41257569761,191139.33851915196,61203.92594345435
2172,147145.07058216518,123156.0438743935,181166.68495094214,58010.64107654865
2173,176215.82093411338,146230.088133208,215109.29228640572,68879.20415319773
2174,231927.33888879835,191489.0591732798,281686.5886280919,90197.52945481212
2175,308249.71518097236,255235.59012038726,375459.6370224619,120224.04690207465
2176,292478.766987323,238375.65375935688,350658.16775316605,112282.51399380917
2177,237614.24423297818,195113.7588282109,287018.6299346053,91904.87110639442
2178,215471.5387628228,177587.9505987752,261237.64328588956,83649.69268711435
2179,146140.8757739218,119451.7019203131,175717.48744688506,56265.785526571955
2180,228903.38946881867,186829.11575744097,274831.6728710125,88002.5571135715
2181,189348.2460195152,155083.07882880798,228132.30565825847,73049.22682945049
2182,218942.7627356856,178902.79693673333,263171.82146701775,84269.02453028443
2183,183352.04918731246,150250.99346519532,221024.16396151666,70773.17049632134
2184,124069.64000436068,102308.72732619451,150499.66049452004,48190.93316832553
2185,117373.5263536015,95173.28881288669,140003.21761233953,44829.92879945284
2186,145776.0926408636,116902.09382388272,171966.93788973943,55064.84406585671
2187,143049.90211256113,117473.18710859687,172807.0331455838,55333.84603698691
2188,144344.74174750558,119599.15740010994,175934.39885582865,56335.241455718715
2189,214007.38453370734,174611.90594930627,256859.79283987844,82247.88689057218
2190,87706.93535064004,72548.3294876263,106721.22760901425,34172.89812138796
2191,87728.89778469306,73137.60938293926,107588.07591150247,34450.46652856321
2192,89851.31107266776,75121.12256229392,110505.88296068645,35384.76039839252
2193,102783.69319938171,83677.55494054344,123092.65020225591,39415.09526171247
2194,108855.12880017339,87685.53195185128,128988.5039320336,41302.97198018232
2195,100781.84526062685,85548.07589228118,125844.24231439021,40296.16642210903
2196,97613.8567007689,83415.16154480487,122706.66169070266,39291.50014589779
2197,113385.40495659162,94792.30525672156,139442.77943760378,44650.474180882215
2198,155861.18816702688,128608.66995587054,189187.66055256352,60578.99059669298
2199,178048.10228617262,150503.14390695782,221395.08478225395,70891.94087529613
2200,144920.30357266372,118607.25802446579,174475.2852888206,55868.02726435481
2201,146421.51566837545,120431.96984345757,177159.49080033414,56727.52095687657
2202,204945.11176141188,166700.62240045617,245222.058769244,78521.43636878784
2203,141651.97670211035,115246.23162969855,169531.11521260464,54284.883582906084
2204,176087.52637998274,146283.68918982075,215188.14103944466,68904.4518496239
2205,120667.19183470673,102428.08789436292,150675.24345046977,48247.15555610685
2206,146124.37649400797,119903.53947143788,176382.1539615723,56478.61449013442
2207,206474.82811977988,171524.69782944804,252318.41761324593,80793.71978379789
2208,259181.00435981093,213893.0850434291,314643.57892915484,100750.49388572574
2209,207027.73112579162,169467.00467771693,249291.4896121262,79824.48493440927
2210,128813.91385016555,103863.78231360734,152787.19276371226,48923.410450104915
2211,119138.72458157118,96580.59023721941,142073.3999831875,45492.80974596809
2212,115072.73612722152,93831.33475498376,138029.16316662912,44197.82841164536
2213,99594.68993530246,81647.6563830822,120106.608878338,38458.9524952558
2214,127319.03323915807,106306.34037511969,156380.26852650635,50073.92815138666
2215,103315.28851181403,82788.56409278358,121784.91814922377,38996.35405644019
2216,129273.87827205446,107952.09868208056,158801.2280841665,50849.12940208595
2217,77350.39460276988,62570.18516970476,92043.07969870948,29472.89452900472
2218,89777.94733166133,74560.0090778996,109680.46828878058,35120.45921088099
2219,90072.57403017527,71967.11996747449,105866.25106910362,33899.13110162913
2220,84039.34770023562,68206.12431195796,100333.714280421,32127.589968463042
2221,264935.9065256694,215920.6480554965,317626.184596136,101705.53654063947
2222,242363.51071496596,198040.4027399221,291323.8104218964,93283.40768197429
2223,257291.99158759078,204774.5568429592,301229.95196743717,96455.39512447797
2224,206429.6966924435,170209.19021309188,250383.26667187025,80174.07645877838
2225,130758.69439722763,111134.81601691704,163483.1002147905,52348.28419787345
2226,178790.3716896968,145625.731220059,214220.26524097775,68594.53402091874
2227,213872.96609002393,179267.39749904224,263708.1597691346,84440.76227009235
2228,267467.12206040294,218287.94607402265,321108.55059091205,102820.6045168894
2229,248676.1450240648,206381.5328660582,303593.86162877525,97212.32876271705
2230,158211.51600071532,133530.42807814138,196427.71355196566,62897.285473824275
2231,211025.3431499343,172833.86608989147,254244.24317298966,81410.3770830982
2232,199032.74797306518,166459.36190360843,244867.15738229133,78407.7954786829
2233,183297.474846342,152223.47386411196,223925.74146160096,71702.267597489
2234,245492.72726757062,202482.26325398742,297857.9197256966,95375.6564717092
2235,217208.55489921014,178227.6808925728,262178.70562933537,83951.02473676257
2236,274152.38923650555,224519.94218378048,330276.00275044586,105756.06056666537
2237,323583.4954400408,264166.8406229389,388597.7729045999,124430.93228166102
2238,193034.54078276124,158981.30776985452,233866.71670322024,74885.40893336572
2239,125138.81879710007,104070.87518453607,153091.8325538185,49020.957369282434
2240,155611.8346310166,128568.82436117271,189129.04649428633,60560.222133113624
2241,143145.3730759517,120854.53751970912,177781.10045604876,56926.562936339644
2242,117447.78840975056,96857.59751238515,142480.8859472671,45623.288434881935
2243,126740.73479391231,104314.57097849906,153450.3163354655,49135.745356966436
2244,101984.93952702027,84405.81011621661,124163.93528737707,39758.12517116046
2245,98573.96902401754,81052.2682115964,119230.77511940768,38178.50690781129
2246,140408.3916356533,120074.2848228349,176633.32546630804,56559.04064347314
2247,115499.72671865318,93642.07192290839,137750.75189549368,44108.67997258529
2248,125777.62964372455,104648.89524667738,153942.11730586356,49293.222059186184
2249,124128.96404331109,103839.10973274875,152750.8986613589,48911.78892861014
2250,133894.7572739422,109312.4737151758,160802.38033382822,51489.906618652414
2251,99799.21145573721,82221.23189982222,120950.35557153006,38729.12367170784
2252,172842.33876084976,139378.75132766704,205030.77149026707,65652.02016260003
2253,153440.6869219213,127559.48689307262,187644.28097314865,60084.794080076026
2254,174528.50218773555,142580.4717929207,209740.59779254207,67160.12599962138
2255,194418.05139378636,159061.0635059562,233984.03976990443,74922.97626394822
2256,177259.61970150817,145965.98722915322,214720.79197918944,68754.80475003622
2257,210558.77324469734,171701.30182558575,252578.2073591413,80876.90553355555
2258,167700.83689598332,138601.01122366666,203886.69259958697,65285.68137592031
2259,176437.26782625623,144362.58925681064,212362.14573723674,67999.55648042611
2260,167766.2629019685,136821.79988615998,201269.41965348332,64447.61976732334
2261,193651.37850645496,160942.13244782187,236751.14829013238,75809.0158423105
2262,207741.1061454488,171531.13991909925,252327.8941192714,80796.75420017214
2263,348649.88079565484,279484.67184491165,411130.7595178898,131646.08767297817
2264,489712.3018696682,410792.7196641528,525000.0,114207.28033584717
2265,169596.18753904785,137335.15284357604,202024.57716564834,64689.4243220723
2266,267555.92267685186,220854.12983171406,324883.48344017577,104029.35360846171
2267,338905.21727204905,279337.53903663246,410914.32276837307,131576.7837317406
2268,401642.73973996047,329392.8554067733,484547.1861514384,155154.33074466512
2269,166021.03314467534,133687.34028690745,196658.53609128937,62971.19580438192
2270,192878.82894947985,156245.9111840629,229842.86673670105,73596.95555263816
2271,229075.15716955185,182828.4412481767,268946.561339553,86118.12009137627
2272,207019.18441013712,168642.50220839476,248078.62188727417,79436.11967887942
2273,165356.65539456316,134791.56404386763,198282.88217351865,63491.318129651016
2274,179404.0009032289,147572.92192652603,217084.64084915168,69511.71892262565
2275,168747.0316000559,139523.2687733668,205243.36096342094,65720.09219005413
2276,185285.98168471336,150133.6745651513,220851.5843602748,70717.9097951235
2277,193015.61236150283,159453.60328980704,234561.47750025403,75107.87421044699
2278,152813.68785586476,124486.35698599205,183123.61521742368,58637.258231431624
2279,120661.16222814833,100974.69638229658,148537.26118583413,47562.56480353755
2280,117120.68722902721,99636.8187947787,146569.20334964924,46932.38455487054
2281,157097.54958140998,126964.90447145831,186769.63249631244,59804.72802485412
2282,169903.9734505624,137876.88707275523,202821.4843751066,64944.59730235138
2283,106381.51356160447,89853.69042875667,132177.92972133984,42324.23929258317
2284,106218.8268197434,89954.51464111189,132326.24514500352,42371.730503891624
2285,146560.8142795166,119966.73896160856,176475.12229666795,56508.38333505939
2286,126443.98464270776,104948.14389552496,154382.32099402376,49434.177098498796
2287,344321.8387827232,284212.9764445274,418086.23661531776,133873.26017079037
2288,268405.3374958306,221979.2592603302,326538.58238896553,104559.32312863533
2289,358755.13112441235,294214.24030895316,432798.3940681182,138584.15375916503
2290,434440.66072724183,355458.8608834402,522891.0576797496,167432.19679630944
2291,321937.5420993447,259045.32661391713,381063.8730376577,122018.54642374057
2292,459076.7516329447,386755.0686904541,525000.0,138244.93130954588
2293,447957.2401666412,370038.8831561458,525000.0,154961.1168438542
2294,389888.6698071772,328262.7321634482,482884.74115226103,154622.00898881286
2295,464242.2502094078,378918.27007101063,525000.0,146081.72992898937
2296,288467.20469359524,240567.72017472287,353882.7628330512,113315.04265832834
2297,303706.3230094799,256795.40326761204,377754.16868665937,120958.76541904733
2298,316446.8571120531,263565.7568568028,387713.5607560562,124147.80389925343
2299,369320.2405474592,304404.1364275987,447788.0351932203,143383.8987656216
2300,330113.6574214762,273217.9237095809,401912.1860921878,128694.26238260692
2301,280027.00049505255,232824.86697024186,342492.7948227646,109667.92785252273
2302,257455.9527613032,209949.26884349558,308842.1076666367,98892.83882314112
2303,252940.5252235397,210418.76488242962,309532.750343592,99113.9854611624
2304,259487.4067352915,211468.6031276222,311077.0937158516,99608.49058822941
2305,188480.68619812626,156918.95950811764,230832.94089643378,73913.98138831614
2306,189660.4925707524,157379.39390479494,231510.25362734738,74130.85972255244
2307,192976.61118880077,163032.34429990905,239825.9122694129,76793.56796950384
2308,228371.69618302432,191549.40889626817,281775.3648706622,90225.95597439405
2309,270683.18445127667,225510.74607369662,331733.50482527283,106222.75875157621
2310,206380.3342834988,170362.35327676043,250608.57410692956,80246.22083016913
2311,208880.41164432446,176867.38994572236,260177.67707304787,83310.28712732552
2312,171704.5181315628,140674.56109195427,206936.94630372047,66262.3852117662
2313,172162.11589433317,142635.04411016704,209820.87529894288,67185.83118877583
2314,172954.77928362184,140653.8431924066,206906.46965553198,66252.62646312537
2315,172656.57457156468,142612.68753217626,209787.9881058876,67175.30057371134
2316,189056.1865697466,155828.82302822854,229229.3176189581,73400.49459072956
2317,177349.83970037664,146326.80047022842,215251.55901880682,68924.7585485784
2318,167487.10895074654,137156.30944002664,201761.49318465544,64605.1837446288
2319,175895.42475395848,142334.61820481854,209378.93983135576,67044.32162653722
2320,179432.8798008556,147226.3905250858,216574.88282162248,69348.49229653669
2321,242237.5227515232,197189.49322641644,290072.09714740614,92882.6039209897
2322,178872.532874653,146855.38070071436,216029.1163038423,69173.73560312795
2323,177495.4065058909,144247.0595658634,212192.1981159431,67945.13855007969
2324,177362.45740992334,146890.51908316708,216080.80591250467,69190.2868293376
2325,204663.86548782015,166653.78999596118,245153.1669053593,78499.37690939812
2326,171169.97676292626,139946.9010332809,205866.53665345663,65919.63562017572
2327,204839.67976598308,169069.5712644393,248706.8532069272,79637.2819424879
2328,219755.8394927577,179119.7397431755,263490.9508060588,84371.21106288332
2329,186605.58869005583,152305.5810117139,224046.52352473768,71740.9425130238
2330,181835.5677471464,148654.98179056865,218676.38318381557,70021.40139324692
2331,365299.1358089579,298437.349400255,439010.71350432315,140573.36410406814
2332,411498.67316929443,348006.9871508827,511929.1291517227,163922.14200084
2333,344678.2317702782,278358.26036919374,409473.77463957365,131115.5142703799
2334,266464.0840571216,218514.3586891975,321441.6103010554,102927.25161185791
2335,277687.48606456845,232741.65846238518,342370.3926258428,109628.73416345764
2336,320858.35510966537,264159.19842426537,388586.5310024069,124427.33257814153
2337,194182.8865557324,161406.45995187017,237434.18789810862,76027.72794623845
2338,285224.6958371983,230928.30776696795,339702.8996659763,108774.59189900834
2339,234862.68706168333,194743.93731387256,286474.61145632755,91730.67414245498
2340,357637.0741242722,291302.1574121811,428514.6332681149,137212.4758559338
2341,223359.105022239,189047.97460944025,278095.6804243246,89047.70581488434
2342,237415.97319817808,196934.40221015597,289696.85065387364,92762.44844371767
2343,234448.30015378774,197402.25740499998,290385.079600231,92982.82219523104
2344,234888.4000782278,193447.11580244993,284566.9483326606,91119.83253021067
2345,250788.38382431594,204777.88648612806,301234.849971852,96456.96348572391
2346,203327.27078413282,165314.88339458776,243183.59535910044,77868.71196451268
2347,188230.4617886048,153857.68468156405,226329.7143177661,72472.02963620206
2348,225599.91211374893,186271.63079710474,274011.59586622426,87739.96506911953
2349,168991.98293725698,142312.60397870207,209346.55624811893,67033.95226941686
2350,274611.1925840354,226537.78868892038,333244.31514592184,106706.52645700146
2351,233197.61012460105,193285.71839745893,284329.5279359098,91043.80953845088
2352,256916.74493699084,212634.1607563645,312791.663752881,100157.5029965165
2353,251439.51097400396,205111.04657390746,301724.93839815917,96613.89182425171
2354,138462.42519455822,113830.14647933288,167448.0117187695,53617.86523943662
2355,152608.22058562667,125588.7649609177,184745.2902301207,59156.525269203004
2356,154508.3441345567,128468.74882619659,188981.83239737817,60513.083571181574
2357,188938.9619791208,157797.33048540546,232125.05080324216,74327.7203178367
2358,178679.157566228,149631.93204460794,220113.5061470546,70481.57410244667
2359,134579.29539299992,113405.40709804017,166823.2074201638,53417.800322123614
2360,116556.46901320407,98598.98746306032,145042.5225052411,46443.53504218078
2361,140392.67547534694,117084.44303304226,172235.17901535268,55150.73598231042
2362,280708.6943520653,225246.30433124246,331344.50313460483,106098.19880336238
2363,132318.3020307981,107601.70775405575,158285.79257791315,50684.084823857396
2364,165252.89555212998,134276.77648172487,197525.61431501058,63248.83783328571
2365,219158.30975473137,184045.96611920965,270737.57674002164,86691.61062081199
2366,192730.25518402245,158352.27379244767,232941.3889602248,74589.11516777714
2367,221481.56585847886,181724.52500274067,267322.66761594795,85598.14261320728
2368,202209.41386350172,168031.40682927723,247179.68235741786,79148.27552814063
2369,213782.68772311753,177187.88357424727,260649.13275998854,83461.24918574127
2370,179159.9533941486,149208.03287870015,219489.93783034125,70281.9049516411
2371,169686.13012127788,139482.55160172607,205183.4647894642,65700.91318773813
2372,189206.66945974715,155886.39402990422,229314.00627959633,73427.61224969212
2373,284698.7179545295,237891.1289984645,349945.41737794754,112054.28837948304
2374,304877.97845481586,257577.20767422262,378904.22628770524,121327.01861348262
2375,235954.1685127687,196240.01098368637,288675.38044809276,92435.3694644064
2376,284453.10613224184,236749.6116909601,348266.21137051104,111516.59967955094
2377,331535.7484865701,273783.4917850775,402744.1536004724,128960.66181539488
2378,151957.29325530864,125707.50120281734,184919.95478350727,59212.45358068994
2379,206494.594200763,167464.23499574425,246345.35567322635,78881.1206774821
2380,151791.64429914657,124362.95321777256,182942.08459360205,58579.131375829485
2381,168140.84095248955,137474.5963964866,202229.70279117004,64755.10639468345
2382,216430.83915802257,174047.7022402247,256029.83235528538,81982.13011506069
2383,205928.54773193173,168008.204495344,247145.55103214484,79137.34653680085
2384,242209.43999456576,197991.7919918225,291252.3025615265,93260.51056970397
2385,169061.0346811747,139573.75327290606,205317.6251680471,65743.87189514103
2386,139032.78153733505,113605.00230459569,167116.8179223438,53511.8156177481
2387,134900.1828614065,111651.1666352817,164242.66737562232,52591.50074034062
2388,113274.81766966419,94759.30507957478,139394.23519272284,44634.93011314806
2389,128886.01351070855,108438.60595315845,159516.89479100038,51078.28883784193
2390,142076.69913098184,119100.48746573052,175200.8405085018,56100.35304277128
2391,138730.32064827162,114718.84383321519,168755.31203355367,54036.46820033848
2392,117545.93328260991,98002.10331269653,144164.4881167606,46162.38480406406
2393,166143.859332569,135826.07328577008,199804.6761247194,63978.60283894933
2394,134497.67702043374,110401.46929632605,162404.32531522945,52002.8560189034
2395,193079.0623940018,159351.70599490197,234411.58354015264,75059.87754525067
2396,139602.3498140826,117596.83603793671,172988.92440872587,55392.08837078916
2397,206365.66592392093,165417.05074193812,243333.8865744037,77916.83583246559
2398,133306.57820657754,110402.38204513365,162405.66799595003,52003.28595081638
2399,66544.8479644958,53124.58618348397,78148.32185559449,25023.735672110524
2400,73505.30619626839,58271.049634096205,85718.92309528463,27447.87346118842
2401,113449.4248374545,95657.40955567938,140715.37366488276,45057.964109203385
2402,131896.360300718,110343.59708582416,162319.19356742367,51975.59648159951
2403,142718.87913745912,116311.35128877622,171097.9380004887,54786.58671171249
2404,145656.67956303476,119648.01259299023,176006.26630176202,56358.253708771794
2405,154830.25772626314,125692.4432414753,184897.8040732385,59205.36083176322
2406,140376.9551470433,115481.19742450793,169876.7569051065,54395.559480598575
2407,125463.33504943534,103794.45231334951,152685.2062654234,48890.75395207388
2408,141766.0265724834,117238.1085911445,172461.22563471185,55223.117043567356
2409,124265.60732719216,103493.15006146644,152241.9816659451,48748.83160447865
2410,175154.84923653302,141704.12790826213,208451.46979945363,66747.34189119149
2411,118658.88263190702,100719.9746211748,148162.55787762447,47442.58325644967
2412,146954.93251664087,121861.4413310259,179262.28599546937,57400.84466444347
2413,127681.95754347862,109000.7048055565,160343.75896863034,51343.054163073844
2414,140340.14833748233,114909.54756357691,169035.8429090461,54126.29534546919
2415,135295.38171471332,112368.99946613106,165298.62088063982,52929.62141450876
2416,126408.61491333018,103001.00845298074,151518.02668072862,48517.01822774789
2417,127832.40720764456,106415.40459898094,156540.70525287068,50125.300653889746
2418,132264.92055456777,110212.66193206869,162126.58405083953,51913.922118770846
2419,117453.51391358842,100175.33336857635,147361.3743500085,47186.04098143215
2420,128125.42878590888,107967.81044832524,158824.34056094813,50856.53011262289
2421,143084.7781875404,117758.69246157864,173227.02003560335,55468.327574024705
2422,106199.66588342158,88849.49197947877,130700.72385017139,41851.231870692616
2423,114741.97742308442,96286.58498380284,141640.9094861014,45354.32450229855
2424,160997.69965717403,131028.556651023,192747.38605922216,61718.82940819916
2425,187685.83346247114,158091.17099373057,232557.29895538487,74466.1279616543
2426,128863.89587674092,106588.20989414441,156794.90699632888,50206.697102184466
2427,120109.75256471989,99718.41633675946,146689.23576771718,46970.81943095772
2428,175955.434398618,144471.3253118563,212522.099717485,68050.7744056287
2429,121912.58632851041,101280.54618032361,148987.1753613301,47706.62918100649
2430,131972.01238006135,109079.0641669077,160459.0279264068,51379.96375949909
2431,111853.57536840907,91845.848062118,135108.45302020622,43262.60495808821
2432,135202.31018813135,111136.51343879073,163485.5971729958,52349.083734205065
2433,140244.07851291902,116770.5167100456,171773.38403072744,55002.867320681835
2434,134271.35514697834,112176.03943114565,165014.77091374702,52838.731482601375
2435,143565.44300081453,120492.13564089818,177247.9964829377,56755.86084203953
2436,108481.38588552778,88918.3641049522,130802.03680099537,41883.67269604317
2437,108578.28799815587,90625.45482355848,133313.21816555102,42687.76334199254
2438,126448.1130966918,103899.18320059114,152839.26852436957,48940.08532377843
2439,110563.64824359369,91322.66583890936,134338.83636488227,43016.170525972906
2440,120296.38843112954,97469.88733542766,143381.58253976377,45911.69520433611
2441,107932.23888736339,89364.97788238841,131459.01898877698,42094.04110638857
2442,105712.71387109235,87291.64263960558,128409.08100516266,41117.438365557085
2443,117885.80532345893,98746.62400995479,145259.700269286,46513.07625933121
2444,123363.67960594765,105161.12604715006,154695.62409169425,49534.49804454419
2445,88600.26664884073,73698.16494560643,108412.66986390651,34714.50491830008
2446,125450.59642054934,104904.1883466958,154317.66107063156,49413.47272393576
2447,174288.10847603044,144793.36782835415,212995.83386483265,68202.4660364785
2448,136516.9125984832,111777.30933390072,164428.22704775588,52650.91771385516
2449,111934.89388126045,91409.01524183224,134465.85891213006,43056.84367029782
2450,142399.90874212477,116547.65113171889,171445.54211758537,54897.890985866485
2451,123400.34502282871,103604.7319854857,152406.1220043374,48801.3900188517
2452,192582.7509397288,160575.16586034937,236211.32949442833,75636.16363407896
2453,91848.64523479059,76564.53253326638,112629.18208065303,36064.64954738665
2454,115272.83350176646,99485.59009600755,146346.74142305044,46861.151327042884
2455,124221.18284870764,102170.49384904616,150296.3149265375,48125.821077491346
2456,125217.88438785521,102697.0606787047,151070.9104389021,48373.849760197394
2457,123223.10168828403,102768.0095299998,151175.2783153524,48407.268785352586
2458,119050.9078072359,99313.35917304888,146093.38459823732,46780.02542518843
2459,105142.35022058054,85928.59467474974,126403.99679315546,40475.40211840572
2460,133143.20845632875,112673.49060821721,165746.53643272206,53073.04582450485
2461,117833.28094789886,99565.39109489406,146464.13107264115,46898.739977747086
2462,131565.16733688416,109389.01894719283,160914.98065324398,51525.96170605115
2463,117585.00849782307,97386.94426474457,143259.57080884156,45872.62654409699
2464,157424.237335036,129581.64724269466,190618.93916252715,61037.291919832496
2465,124443.87948625785,106465.11012988928,156613.82357140636,50148.71344151709
2466,110094.4164368094,90620.35879266926,133305.7217521134,42685.362959444145
2467,144244.71809546134,119584.04086919889,175912.16198797693,56328.12111877804
2468,89039.90263161494,73816.19755653018,108586.2993551403,34770.10179861012
2469,86933.74784896907,69008.49703019753,101514.02848136523,32505.5314511677
2470,170600.52234698218,141762.6985703678,208537.6289904013,66774.93042003352
2471,197586.38189302984,160944.6477956865,236754.84844186663,75810.20064618014
2472,152240.3086621071,121813.72979277319,179192.10089960502,57378.37110683184
2473,112210.0129062875,95906.45293275893,141081.72390079685,45175.27096803792
2474,87759.72723043803,70610.70204173223,103870.91984238703,33260.21780065479
2475,218869.79426120545,183103.19460275886,269350.7317192263,86247.53711646743
2476,118053.12973000288,97824.69247141405,143903.51147759144,46078.81900617739
2477,118158.16619219376,99369.15888078843,146175.46763266303,46806.3087518746
2478,153985.0192646895,125741.56347057204,184970.06139535154,59228.4979247795
2479,106215.79549922067,87637.58515964534,128917.97277058715,41280.387610941805
2480,144236.31568805483,119195.15935424627,175340.10568029195,56144.94632604568
2481,113493.94052645296,95286.96592026089,140170.44002794012,44883.47410767923
2482,126088.9143304715,105348.62354710634,154971.43850662786,49622.81495952152
2483,111931.77645147977,94246.41971058607,138639.7655170812,44393.34580649513
2484,123602.93576486784,104165.6815578511,153231.29555675967,49065.613998908564
2485,126882.99970765722,105920.31612078624,155812.41533441585,49892.09921362961
2486,144027.20678286967,121757.79989131025,179109.8263463289,57352.02645501864
2487,163377.24018203426,142048.2227546166,208957.64358177636,66909.42082715975
2488,153162.2516200294,125062.39051433536,183970.97771899943,58908.58720466407
2489,151256.06153487586,122255.9657590201,179842.64319654997,57586.67743752987
2490,142185.16905021935,123269.46224143256,181333.52675179226,58064.064510359705
2491,104831.24547812242,88075.81583879677,129562.6231707487,41486.80733195193
2492,189100.52832458838,156663.0288043037,230456.45919746478,73793.43039316108
2493,138511.68603495002,116290.16501693835,171066.77236269115,54776.6073457528
2494,149885.2077583467,124529.03407198544,183186.39448385168,58657.36041186623
2495,95256.7641404886,80680.87861964395,118684.44995218847,38003.571332544525
2496,262353.15617305494,213677.97299459224,314327.1426891573,100649.16969456503
2497,137070.5256544339,111781.85804715232,164434.9183406237,52653.06029347138
2498,114319.43880163411,95275.87836722133,140154.12990670986,44878.25153948853
2499,96931.02666155748,81018.06192747004,119180.45665518515,38162.3947277151
2500,116623.94599331351,95647.52194185951,140700.82869003533,45053.30674817582
2501,127245.48307062677,105449.52026663514,155119.86059050655,49670.34032387141
2502,148326.6267664276,119357.25840512273,175578.55821906828,56221.299813945545
2503,99642.80304382854,85415.22145442672,125648.8094736499,40233.588019223185
2504,184082.74084029606,151391.43920647257,222701.79366307138,71310.35445659881
2505,217889.41265463879,179893.8549438875,264629.6973558815,84735.842411994
2506,252436.2959988215,204890.2803725264,301400.1847311224,96509.90435859599
2507,280490.46629499854,228002.01422981068,335398.23459010466,107396.22036029398
2508,251909.10454090408,202119.45811058863,297324.2225383487,95204.76442776006
2509,216486.1843138409,180161.05449834128,265022.7558702584,84861.7013719171
2510,226833.96656795047,188033.14969165993,276602.8427010329,88569.69300937295
2511,177695.52203565737,145600.94502992523,214183.80401599195,68582.85898606671
2512,199000.81905668415,163341.13763910756,240280.15648176929,76939.01884266172
2513,211642.7072201186,180520.4181941145,265551.39058550086,85030.97239138637
2514,244754.08274927118,207348.12300148234,305015.7445485196,97667.62154703727
2515,148717.53057171445,123754.96371366792,182047.71389852877,58292.75018486085
2516,169283.77575329226,138744.81075418816,204098.2259981004,65353.415243912226
2517,149422.41128691044,123726.67345870167,182006.09808965848,58279.42463095681
2518,153663.46321705414,130628.4495769134,192158.81661919193,61530.367042278536
2519,216147.1222452822,177187.48284329986,260648.54327281227,83461.0604295124
2520,212526.58813612504,173521.6604244572,255256.00915401411,81734.34872955692
2521,188904.16048573787,155913.26441947813,229353.5334241241,73440.26900464596
2522,224897.8485664683,183364.5271470782,269735.15968669974,86370.63253962155
2523,134866.0751574019,111679.77566021141,164284.75210461684,52604.97644440543
2524,138751.72722674222,115365.15655564777,169706.05732585606,54340.90077020829
2525,151102.86630228913,125361.63258313718,184411.17172771602,59049.53914457884
2526,139055.98224136783,114020.91079620308,167728.63171882302,53707.720922619934
2527,120306.99052368029,101143.52595135296,148785.61451760464,47642.08856625168
2528,136415.85985587278,113479.02732285339,166931.5049667384,53452.47764388501
2529,141440.74784060635,114673.6767040479,168688.86983934627,54015.19313529837
2530,133959.2113481075,110356.38044846708,162337.99827516143,51981.617826694346
2531,248878.0831377551,202729.30222926408,298221.3214267733,95492.01919750925
2532,226975.96071764216,185765.93214343683,273267.69806317805,87501.76591974121
2533,195744.38410608468,161312.3398178189,237295.73437359292,75983.39455577402
2534,224234.39734910673,181552.85867490267,267070.1413273975,85517.28265249482
2535,302165.2558855809,250676.38766143835,368752.9142177734,118076.52655633507
2536,247067.68733972046,203578.3334800063,299470.27172071545,95891.93824070916
2537,219575.274825937,183482.3198563409,269908.4362754346,86426.11641909371
2538,181982.90689131495,147709.23260898702,217285.15792879774,69575.92531981072
2539,187272.64035606454,157192.3447799062,231235.09878551186,74042.75400560565
2540,174731.55120776824,143143.93163748563,210569.46403024392,67425.5323927583
2541,189305.46527188984,155644.2865322489,228957.85892919212,73313.57239694323
2542,156911.26742800698,134186.84855967702,197393.32765939325,63206.479099716234
2543,121959.01588718353,101908.29276589915,149910.6093125426,48002.316546643444
2544,112787.71720559879,93647.61223865354,137758.90186520608,44111.289626552534
2545,130865.44869640784,110694.44362966949,162835.2992981387,52140.855668469216
2546,131039.60348890936,107860.64828792206,158666.70182666357,50806.053538741515
2547,138194.5624480643,112588.82547946286,165621.9915030131,53033.166023550235
2548,139594.49980791306,116005.73954354163,170648.3740077508,54642.63446420917
2549,141669.18033619126,116886.63307884366,171944.19467263852,55057.56159379486
2550,441899.5667714926,364803.60658631276,525000.0,160196.39341368724
2551,129916.69193136659,105060.86543691215,154548.13774355574,49487.27230664359
2552,122998.86766037716,102164.34561974255,150287.27069784835,48122.92507810579
2553,79651.85938151268,65636.0779527349,96553.09942909419,30917.021476359296
2554,109274.9564077787,92191.12981347946,135616.37277519613,43425.24296171666
2555,119532.73703891506,97828.76098499342,143909.4963824185,46080.73539742507
2556,97357.36753482984,79835.46476056181,117440.82094927442,37605.35618871261
2557,107556.258216968,90523.08344758113,133162.62681805185,42639.543370470725
2558,150126.6211845323,124278.63075620907,182818.04373755158,58539.41298134251
2559,138004.48142532972,114674.60629994562,168690.23730263888,54015.63100269326
2560,152152.90015974085,122633.75430080442,180398.38140983367,57764.62710902926
2561,156637.74049894657,125305.29910103031,184328.30349527503,59023.00439424472
2562,145347.68071827295,118938.07623299904,174961.9287409053,56023.85250790627
2563,156396.65151144064,127280.88136785003,187234.44393556437,59953.56256771434
2564,203747.7457313782,168769.39780335073,248265.2890923761,79495.89128902537
2565,144521.1242635041,121331.49281625521,178482.7159234391,57151.22310718389
2566,156497.5028408993,130702.53634218879,192267.80046070192,61565.264118513136
2567,136570.87245893682,113771.54570899547,167361.80823771487,53590.262528719395
2568,193022.55036384088,156770.3698221652,230614.36103640532,73843.99121424012
2569,201690.1851906168,168763.4042160302,248256.47234665655,79493.06813062634
2570,128925.01233316028,103850.69307644689,152767.93810543587,48917.24502898898
2571,178749.82618341834,150051.23944288577,220730.31983662545,70679.08039373968
2572,159293.99200049427,127869.94560941737,188100.97500496043,60231.02939554307
2573,218857.788267402,182056.75009491167,267811.38063582696,85754.6305409153
2574,265422.42704760394,213815.9829946966,314530.1595157424,100714.1765210458
2575,120739.31059863005,98603.81837087931,145049.62891473455,46445.810543855245
2576,121936.47412345001,100651.22207218848,148061.42082737965,47410.19875519117
2577,138149.90220150148,113833.64572055073,167453.159206973,53619.51348642228
2578,94451.65714270536,76166.19944155865,112043.22222164861,35877.02278008996
2579,67596.96089379501,52013.048165262975,76513.21627688772,24500.168111624742
2580,119108.53988299715,99175.86699168547,145891.12949846513,46715.26250677966
2581,116143.8298675181,98712.32602799023,145209.2469148084,46496.920886818174
2582,118060.44979653426,95870.54529526428,141028.90269502322,45158.35739975894
2583,255316.28479964196,212159.19107029884,312092.9691777323,99933.77810743346
2584,163935.3336477914,135340.62888175822,199090.57292704185,63749.94404528363
2585,173302.0839255582,145069.0241698468,213401.33256518468,68332.3083953379
2586,200216.43250226576,165580.6218042126,243574.5044858523,77993.88268163969
2587,199642.00078239807,165540.7865871162,243515.90569333633,77975.11910622014
2588,142868.583521603,117589.9726314986,172978.82813314025,55388.85550164165
2589,147568.6382798921,123946.35065621037,182329.24979951727,58382.8991433069
2590,224062.8012923045,191689.66105519282,281981.67997974897,90292.01892455615
2591,235033.32998283507,197072.83550521085,289900.4901599566,92827.65465474577
2592,217220.00286564176,178718.2567262492,262900.3573131049,84182.1005868557
2593,236066.15604671792,193750.38327036198,285013.0638235342,91262.68055317219
2594,195136.8172791251,158807.6582702611,233611.27310986543,74803.61483960433
2595,202769.37654796027,166484.613890551,244904.3038082762,78419.68991772519
2596,314423.29325481795,254680.6113320339,374643.24667141226,119962.63533937835
2597,192223.68428138993,161169.64781879672,237085.83018694946,75916.18236815275
2598,287638.37246291444,236059.22152648307,347250.6268462611,111191.40531977802
2599,320186.0961301023,264076.30229849473,388464.5883288511,124388.28603035636
2600,132086.29606972123,115231.45914579336,169509.38444816042,54277.92530236706
2601,140335.96595427734,116277.99246805966,171048.8661802193,54770.87371215965
2602,84992.31565402352,69374.54634100254,102052.4979357317,32677.951594729166
2603,91889.483486111,75315.40897778363,110791.68407286308,35476.27509507944
2604,88789.84014239491,71140.0514334517,104649.60858653887,33509.55715308717
2605,80994.1979957421,64743.05868630237,95239.4414520387,30496.382765736336
2606,138792.4834295178,116597.9448935234,171519.52574131452,54921.58084779112
2607,190791.02848349852,160246.89674633124,235728.43583640733,75481.53909007608
2608,203544.73711519377,166594.01564800084,245065.23705661696,78471.22140861611
2609,162640.9965182437,135053.84607496706,198668.70686436602,63614.860789398954
2610,113145.79775977574,93350.41436866451,137321.71493391553,43971.30056525102
2611,126736.58996722275,107535.03973771745,158187.72193736903,50652.68219965158
2612,158908.6806144097,129740.52103148265,190852.64724457127,61112.12621308862
2613,131997.06404069075,110315.40706013126,162277.725198804,51962.31813867274
2614,126680.23429261295,104489.58796299322,153707.77153989734,49218.18357690412
2615,148403.90118442802,123912.94988174342,182280.1162640297,58367.166382286276
2616,142778.85222243326,120481.57672856604,177232.46400795592,56750.88727938988
2617,170740.469700184,139733.76351868987,205553.00501222917,65819.2414935393
2618,172974.08048441773,142023.25915137315,208920.92137681448,66897.66222544134
2619,192578.75343444492,153718.77401560394,226125.37258484296,72406.59856923902
2620,185167.52950329919,151986.5444927123,223577.21128936711,71590.66679665481
2621,177481.42080226814,144221.9483174687,212155.25872055994,67933.31040309125
2622,181974.69957523,149032.272003023,219231.3883397912,70199.1163367682
2623,240398.5463773931,194931.1500136883,286750.00692175975,91818.85690807144
2624,282063.9620393854,234094.40582263522,344360.32434123824,110265.91851860302
2625,296846.1338699274,243217.8287784264,357781.1516340296,114563.32285560318
2626,173993.10862585538,144567.59737822684,212663.71879862814,68096.1214204013
2627,185249.78430407195,151427.92931885412,222755.47170677717,71327.54238792305
2628,436142.4557239099,362570.9370262316,525000.0,162429.0629737684
2629,492667.7107365372,398739.7331452385,525000.0,126260.26685476152
2630,345630.26489769196,273898.6097793253,402913.4956036415,129014.88582431618
2631,470721.0191021862,390502.2739723712,525000.0,134497.7260276288
2632,385338.1973830683,329489.1374204649,484688.8198653876,155199.68244492268
2633,289714.22403489455,242877.90165295274,357281.1086934334,114403.20704048066
2634,410143.7526014794,347507.30555346294,511194.08261788863,163686.7770644257
2635,159156.23278153726,132213.12137400146,194489.91609879857,62276.7947247971
2636,195776.78700748185,161561.79575628272,237662.6914996088,76100.89574332608
2637,173298.36301680742,142114.2250596621,209054.73494115254,66940.50988149043
2638,255903.87916271086,209769.23971486808,308577.2794486872,98808.03973381914
2639,184660.35140476935,153695.3496304106,226090.91461554318,72395.56498513257
2640,155057.08040912697,128495.76850698127,189021.57915372986,60525.81064674859
2641,105420.8057102572,90581.09012341165,133247.95636836675,42666.866244955105
2642,173636.48971373934,139781.76463455491,205623.6160853985,65841.85145084359
2643,106485.99564510786,87578.22480137864,128830.65191303226,41252.42711165361
2644,125781.1363826983,105342.57760613106,154962.54474712064,49619.96714098958
2645,108486.42314275425,90721.38057798776,133454.32781149907,42732.94723351131
2646,100326.11011138378,82201.0076806792,120920.60514194184,38719.59746126263
2647,105384.07493081538,88419.40410243542,130068.0517547866,41648.64765235118
2648,145850.6603903235,118442.13844018559,174232.3894553138,55790.251015128204
2649,146960.33624258195,122113.80434257364,179633.51951270108,57519.71517012744
2650,146535.5085630074,119996.13294278254,176518.3617197107,56522.228776928154
2651,143846.46203626352,118550.26683562303,174391.44955015366,55841.18271453063
2652,427180.73268558446,346656.09713829355,509941.9296501357,163285.83251184213
2653,263550.6762595077,215062.8837623143,316364.3877362837,101301.5039739694
2654,249083.2285510943,202081.13286105753,297267.84495315916,95186.71209210163
2655,367898.4682787733,308319.62489377346,453547.8355144465,145228.21062067302
2656,327880.8651504207,270851.07379311346,398430.4792689056,127579.40547579213
2657,329195.26505733404,278121.3784519098,409125.31427375943,131003.93582184962
2658,280577.400117373,235735.66556619795,346774.66637796076,111039.00081176282
2659,305532.7767259387,246721.91962122824,362935.7737804954,116213.85415926715
2660,341413.5409051322,276689.11063613294,407018.40559642325,130329.29496029031
2661,339778.4018622349,284722.1073924083,418835.1834255265,134113.07603311818
2662,339366.510211403,279784.66201207094,411572.05400160386,131787.39198953292
2663,310993.69615156867,256258.59055123592,376964.5011693286,120705.91061809266
2664,262589.19009279687,219368.84475227966,322698.5847866506,103329.74003437095
2665,318174.65698525833,267535.8791833139,393553.72911540425,126017.84993209032
2666,273383.5056005082,231432.13083098351,340444.0384207006,109011.90758971707
2667,168638.3699901576,138009.88030214288,203017.12138233203,65007.24108018915
2668,180336.2913494829,146208.08522077667,215076.9253459372,68868.84012516052
2669,168151.05730304949,136509.6467476715,200810.23307615845,64300.58632848694
2670,266367.04789375805,218693.96634481093,321705.8185196299,103011.85217481895
2671,181017.01596052878,146578.11996379553,215621.25748996396,69043.13752616843
2672,189573.12567311493,156305.82752704245,229931.00546435197,73625.17793730952
2673,205813.3725573753,171278.14504149224,251955.73110821983,80677.58606672758
2674,209152.72476621746,172336.95070494653,253513.26582021397,81176.31511526744
2675,167367.0340346807,136912.26931802763,201402.50288619718,64490.233568169555
2676,189756.75986176383,154848.73687356737,227787.58165236952,72938.84477880216
2677,190365.0917560698,154642.0837806223,227483.58878879456,72841.50500817224
2678,247518.79219608527,201942.39655292762,297063.7597058048,95121.3631528772
2679,287483.54462163587,243363.63077551455,357995.63072059024,114631.99994507569
2680,295300.24977429496,246291.20101778308,362302.1738677608,116010.97284997773
2681,400714.69907529926,338186.82294449134,497483.37469756,159296.55175306863
2682,336848.22237943794,275325.3419891546,405012.26123951795,129686.91925036337
2683,525000.0,445481.58328542043,525000.0,79518.41671457957
2684,319851.7676031896,262334.5948625281,385902.48474054376,123567.88987801567
2685,357487.8380366977,294147.43128029496,432700.1159942456,138552.68471395067
2686,263111.79627754627,212991.18380360102,313316.8553043114,100325.67150071036
2687,307209.3813943355,247400.31258031292,363933.7100577719,116533.39747745896
2688,223739.58433331942,184569.19199813795,271507.25761421135,86938.0656160734
2689,199165.54954905514,162768.7226708031,239438.1169899417,76669.39431913858
2690,439716.6411697155,343853.36185099976,505819.02244519175,161965.66059419198
2691,182678.51666538802,153996.62623673872,226534.10148964523,72537.4752529065
2692,139195.49361480723,116496.84129545643,171370.7993329356,54873.95803747917
2693,181774.7058101817,151999.5434123131,223596.33308781934,71596.78967550624
2694,141479.75415503053,118809.59518819442,174772.92929178677,55963.33410359235
2695,185678.44911189922,155629.80073956266,228936.54989608217,73306.74915651951
2696,182249.73530457544,150856.0962221064,221914.288165365,71058.1919432586
2697,177878.01765443984,150258.12161176687,221034.64967773503,70776.52806596816
2698,190800.21076971732,160630.6506810944,236292.949320693,75662.2986395986
2699,166266.1631782476,140648.94001617335,206899.25693704552,66250.31692087217
2700,154172.78247741444,127946.55561627744,188213.6706101024,60267.114993824944
2701,152163.01394577546,126711.03245279878,186396.17918461002,59685.14673181124
2702,113569.58721125894,95276.12844374281,140154.49777673202,44878.36933298921
2703,139225.29547922482,112581.62622853345,165611.4011901635,53029.77496163006
2704,140935.23094524365,119135.39744064849,175252.19412286783,56116.79668221934
2705,116178.49994465479,96844.3137532191,142461.34514131842,45617.03138809932
2706,113082.65730941761,96838.2487303909,142452.42331183638,45614.17458144548
2707,128809.04506470374,107094.37420178144,157539.48979025273,50445.11558847129
2708,124642.77940758034,105932.12119954659,155829.78095738305,49897.65975783646
2709,112867.28891517542,93443.68044389349,137458.91211242956,44015.23166853607
2710,123311.36484875673,104288.64707497423,153412.18150014683,49123.534425172606
2711,280972.6588288014,227679.9525115659,334924.4721964146,107244.5196848487
2712,374119.16988465254,311944.06197116093,458879.49056156125,146935.42859040032
2713,177283.86951818017,146318.0683344602,215238.71378663788,68920.64545217768
2714,162003.89090182717,131617.48999683277,193613.7245770546,61996.23458022185
2715,167101.8382157375,138886.31858404103,204306.38823657553,65420.0696525345
2716,157498.49402694925,127695.10597320943,187843.78068514745,60148.674711938016
2717,190613.28902211436,157821.76313792463,232160.99196385185,74339.22882592722
2718,226387.50827520475,188137.96062962813,276757.0227169855,88619.06208735736
2719,154288.32340957527,129711.89453843371,190810.53681945236,61098.64228101865
2720,184765.0950134868,152389.60682371145,224170.12800042846,71780.52117671701
2721,134792.4921160859,111164.48764801362,163526.74806915087,52362.26042113725
2722,153822.11505485277,126883.51408261716,186649.90480669163,59766.390724074474
2723,153500.49703786217,125962.41303256337,185294.93768833243,59332.524655769055
2724,124839.03906845432,103837.48273296707,152748.50529615144,48911.02256318438
2725,130299.30492304145,108865.65616001598,160145.09838293708,51279.442222921105
2726,141410.52306953867,115165.73317724827,169412.69958801864,54246.96641077037
2727,180019.04760731233,146713.7853411916,215820.825306612,69107.03996542041
2728,168064.96150721487,139239.3918983445,204825.7696130525,65586.37771470798
2729,145507.4353215423,119297.86291456594,175491.18568086677,56193.32276630083
2730,140721.13868393446,117384.96177189908,172677.2510437995,55292.28927190043
2731,130707.48649819584,106894.55315605673,157245.5470719187,50350.99391586197
2732,121987.59041396655,101528.97040000175,149352.61479823908,47823.64439823733
2733,167341.72879874043,135635.10890161156,199523.76181971736,63888.6529181058
2734,147324.1795817724,121581.94366112322,178851.13658645062,57269.1929253274
2735,129318.83623102526,106895.20059622338,157246.4994757151,50351.29887949172
2736,142829.4605919563,117865.6236385841,173384.3189864203,55518.69534783618
2737,120747.20520110961,101239.67228213017,148927.04863793965,47687.37635580948
2738,139624.71323464304,114557.5123025136,168517.9885398475,53960.47623733389
2739,159857.9050259192,131946.30418593687,194097.4200567851,62151.11587084824
2740,132639.22221552266,109590.49305615667,161211.35507690875,51620.86202075207
2741,136916.37426935034,114691.79477255375,168715.52205852696,54023.727285973204
2742,151215.11308660463,122868.75149355538,180744.06928964413,57875.317796088755
2743,142701.357803694,121090.85953360237,178128.73718727502,57037.87765367265
2744,154365.1804644162,127163.69014009382,187062.05214406602,59898.3620039722
2745,143797.67769642387,118649.68225235018,174537.69259342822,55888.01034107804
2746,131694.28305109523,107789.24345672046,158561.66319017034,50772.419733449875
2747,142544.72694161834,119987.73678866071,176506.01072656497,56518.27393790426
2748,126543.93287264871,103322.81687773843,151991.41647214422,48668.599594405794
2749,128104.5878928368,105625.05216700186,155378.07325154537,49753.02108454351
2750,128074.37785718165,109545.34232620393,161144.93700643507,51599.59468023114
2751,131067.84962547074,108530.9081708992,159652.6741064002,51121.765935501
2752,210252.13265884243,172765.38681609216,254143.5081186959,81378.12130260374
2753,153927.55390226678,128819.63717755763,189497.99962819577,60678.362450638146
2754,200810.87297049887,166764.23618688187,245315.63654648804,78551.40035960617
2755,131029.98996098599,106364.14644810892,156465.30298405836,50101.15653594944
2756,92786.06405950795,76839.13761143918,113033.13434130551,36193.99672986634
2757,79724.44179011541,64930.790578293054,95515.60066464615,30584.810086353093
2758,89271.6918368759,73089.99497208903,107518.0336929442,34428.03872085517
2759,142343.90485002793,116940.82898009567,172023.91845988424,55083.08947978857
2760,118880.81871730014,99548.48231844869,146439.257758151,46890.77543970232
2761,140191.41476706532,113403.19963713308,166819.96017932738,53416.7605421943
2762,137342.34596877242,113998.75871888797,167696.04535236128,53697.28663347331
2763,197642.76341374614,162725.66661128032,239374.78024214826,76649.11363086794
2764,157839.20992802308,129771.37894083014,190898.04014962193,61126.66120879179
2765,275692.260804711,222767.22443923747,327697.7026698175,104930.47823058002
2766,129705.81029442354,108470.23236415046,159563.41818489227,51093.18582074181
2767,86841.56983253142,72272.17050582138,106314.98950977056,34042.819003949175
2768,125215.59105486529,104580.52868752423,153841.54805817627,49261.01937065204
2769,120351.61473484989,100827.92036844179,148321.34929155774,47493.42892311595
2770,152490.58461707504,124947.4327295628,183801.871388747,58854.438659184205
2771,118422.59264344795,98923.61621807069,145520.0610865805,46596.44486850982
2772,117615.51360049145,96203.37412444617,141518.503830053,45315.12970560683
2773,144380.73444013542,120475.02325617019,177222.82365459084,56747.80039842066
2774,131729.96957965873,108754.13848133142,159981.05255134834,51226.91407001692
2775,124243.69440734877,103418.92852004926,152132.79956471053,48713.87104466127
2776,135688.06952095177,109724.96789820123,161409.1715805446,51684.20368234336
2777,144113.9124301735,116106.77294678436,170796.99715744957,54690.22421066521
2778,119964.11891862511,98030.04921672148,144205.59737512527,46175.54815840379
2779,111437.97402829088,94909.36364598188,139614.97581971253,44705.61217373065
2780,104045.2288017633,86116.19261897032,126679.95896459783,40563.766345627504
2781,98692.46804344232,82435.12646080863,121265.00085058555,38829.874389776916
2782,90133.67440987154,73644.83778245926,108334.22401632488,34689.38623386562
2783,90857.17704279984,76637.7309434776,112736.85912536661,36099.12818188901
2784,119579.7026483134,99040.42902026317,145691.89620278732,46651.46718252415
2785,127728.55927069504,105634.47323211265,155391.93191932596,49757.45868721331
2786,74348.19963711443,59967.35743732502,88214.24246969743,28246.88503237241
2787,118082.28170597393,99165.13024380515,145875.3354220876,46710.20517828246
2788,75785.1048280561,64564.54728621288,94976.84585803802,30412.298571825144
2789,169868.46802069398,140876.58873240792,207234.13498871698,66357.54625630906
2790,96263.90704764801,77682.43798556637,114273.65434481182,36591.216359245445
2791,111705.9066279521,92282.4887650992,135750.7645179971,43468.2757528979
2792,69459.45724123159,55290.95362277626,81335.11297515048,26044.15935237422
2793,150684.1380713785,121319.14353516178,178464.54976260802,57145.406227446234
2794,95469.16651373917,81071.51136317934,119259.08236935268,38187.57100617334
2795,114017.38360557068,94642.55904352138,139222.49829149805,44579.93924797667
2796,97137.68869779196,79245.22006786705,116572.55340106053,37327.333333193485
2797,173652.3295182448,142036.98379851697,208941.11074212886,66904.12694361189
2798,104845.15851827343,88653.74537212169,130412.77475220464,41759.02938008295
2799,110358.37574945948,90784.69269798945,133547.46182843554,42762.76913044609
2800,76140.21572913328,60083.263856799844,88384.74426989185,28301.480413092002
2801,108804.56809576799,88680.89723327511,130452.71594982134,41771.81871654623
2802,132914.95773377453,110806.62833868415,163000.32635123856,52193.69801255441
2803,153436.72108835806,124282.02951458888,182823.04341250323,58541.01389791435
2804,135314.33146577762,114884.41566751897,168998.87314033447,54114.4574728155
2805,106046.7153740041,87024.64634535747,128016.32149261101,40991.67514725354
2806,87426.00937866306,70663.36779662444,103948.39273869774,33285.0249420733
2807,154806.49809879396,127549.35973941504,187629.38362805522,60080.02388864018
2808,142801.74389698156,118833.4677950562,174808.04660852998,55974.57881347378
2809,126140.24812387693,105852.87918385898,155713.21358875075,49860.334404891764
2810,129229.21869305709,107898.53836613479,158722.43926186388,50823.90089572909
2811,151480.55888148464,127155.02775237674,187049.3095133607,59894.281760983955
2812,145278.8300795485,124377.00003514728,182962.74788093544,58585.74784578815
2813,145788.44863866342,119322.50905306201,175527.44088571618,56204.93183265417
2814,147702.43145362046,120340.15173681577,177024.42362680048,56684.27188998471
2815,109379.30776083308,91356.98292513785,134389.31782230193,43032.33489716408
2816,245600.37521272674,201394.07825569907,296257.1671358626,94863.0888801635
2817,155743.16481439883,132213.90873680194,194491.0743329628,62277.16559616086
2818,125898.44166486677,107016.57434883715,157425.04388603132,50408.46953719416
2819,178666.11343997336,146348.66180757107,215283.71769809714,68935.05589052607
2820,124238.31195945416,106579.83954574679,156782.59396417317,50202.75441842638
2821,112331.6524419112,94111.12271338404,138440.73959868628,44329.61688530224
2822,177019.1438912931,147632.6515897065,217172.50496525,69539.85337554349
2823,273708.89674112666,212189.4869530276,312137.5353248632,99948.04837183561
2824,156971.58867516564,127630.17664530127,187748.26770714403,60118.09106184276
2825,145756.35913337723,120613.85367638429,177427.04734362813,56813.193667243846
2826,123565.4212997101,103649.01632234288,152471.26558472557,48822.249262382684
2827,131224.99338338932,108478.23561050958,159575.1911989998,51096.95558849021
2828,202390.66001637452,167001.04775379354,245663.9934248063,78662.94567101277
2829,208805.47087337045,173270.9738613845,254887.2417424927,81616.26788110822
2830,228022.51289171132,185373.42747263625,272690.3119851727,87316.88451253643
2831,182800.55128208312,150145.13939781388,220868.44947108364,70723.31007326976
2832,235963.4395540596,195539.44481662987,287644.82672052825,92105.38190389838
2833,266008.7970630033,212738.8444651243,312945.6566108733,100206.81214574899
2834,200777.54815299396,165899.48987042595,244043.56892214695,78144.079051721
2835,212974.399674696,175554.82470635397,258246.85445598362,82692.02974962964
2836,185574.8218457372,156485.20483851066,230194.87483981834,73709.67000130768
2837,177462.45021606344,148691.92634526145,218730.72972571588,70038.80338045442
2838,153130.41978930266,128041.98366666208,188354.04811855574,60312.06445189366
2839,178963.75834215523,147685.31515779736,217249.9746447107,69564.65948691333
2840,200626.20874245846,166617.07269311394,245099.15465770205,78482.08196458811
2841,197156.52269620346,162636.94233188004,239244.26418076665,76607.32184888661
2842,225187.59952390264,186339.27820204842,274111.10721661913,87771.82901457071
2843,147959.0885319906,122188.43042571802,179743.29670688263,57554.866281164606
2844,170949.26499273718,138335.02975673653,203495.42592828942,65160.396171552886
2845,132093.8728262295,109834.90289349067,161570.8892376523,51735.98634416163
2846,200278.4951585667,164743.55749328132,242343.1579173106,77599.60042402928
2847,197407.42493791328,163179.71226013434,240042.6949344563,76862.98267432195
2848,216222.05287551766,180170.95003664706,265037.3125022609,84866.36246561384
2849,200355.22638289494,164916.50901451986,242597.57476368672,77681.06574916685
2850,281757.9032518753,235909.78256609396,347030.7976782049,111121.01511211094
2851,234545.8933754548,191877.19175204803,282257.5432283111,90380.35147626308
2852,239745.1478881507,195327.34273441538,287332.81823121064,92005.47549679526
2853,239003.95285291807,198076.0170433479,291376.20012450544,93300.18308115753
2854,147548.51488848726,120502.30576161973,177262.95703386387,56760.65127224414
2855,198448.9627065712,164900.30727375392,242573.74151976983,77673.43424601591
2856,194271.00951766063,159869.2048423153,235172.83978016334,75303.63493784805
2857,187303.1761497878,153945.64823855643,226459.11133379562,72513.46309523919
2858,197727.12995094602,162904.33436895264,239637.60584281696,76733.27147386433
2859,118387.62781150776,99543.03170097813,146431.23973727596,46888.20803629783
2860,118296.88737349612,96430.76397880077,141853.00108817787,45422.23710937711
2861,121492.75130275419,102847.62844943201,151292.4001206349,48444.77167120289
2862,177218.30846861834,145161.21627968273,213536.94990857237,68375.73362888963
2863,122164.59401083403,98331.98967401157,144649.76079379307,46317.77111978151
2864,207748.77177336297,169047.81893470068,248674.8548810738,79627.03594637313
2865,130365.0447021115,105161.66923536186,154696.4231377555,49534.753902393655
2866,155761.25406949563,125892.64850133932,185192.31198203148,59299.66348069215
2867,93650.53839772992,75734.4886760256,111408.16280888951,35673.674132863904
2868,104196.11828116897,84586.52952385522,124429.77892634086,39843.24940248564
2869,113272.746575359,94941.65029840893,139662.47044844844,44720.82015003951
2870,126668.44902834682,107403.06924890754,157993.58941203885,50590.52016313131
2871,92092.61513780436,77156.60594000186,113500.13972176597,36343.53378176411
2872,60067.771295103936,46068.32375411519,67768.34935447758,21700.025600362394
2873,107160.80205647729,92311.03442833395,135792.7560400484,43481.721611714456
2874,135247.98101774976,114393.92363274354,168277.34472724778,53883.42109450424
2875,128003.74629447359,106234.46814790805,156274.5423365413,50040.07418863324
2876,169573.1260730223,141159.4191166041,207650.1869198665,66490.7678032624
2877,131520.4924658958,110057.81766923668,161898.80352166557,51840.98585242889
2878,180158.2446968167,145874.97286454073,214586.90713415417,68711.93426961344
2879,136414.35563765775,113120.51712707453,166404.12577544496,53283.60864837043
2880,105729.92220218437,89468.94948564301,131611.964318331,42143.014832688
2881,156117.93909549573,128606.77287029383,189184.8698830957,60578.09701280187
2882,165027.32383047085,138257.8324837109,203381.86643710147,65124.03395339058
2883,191555.12146986547,156656.94727864343,230447.5130918245,73790.56581318108
2884,208915.05381453095,167822.9995910968,246873.1090938807,79050.10950278389
2885,180963.71679759814,150075.5862969071,220766.13478508574,70690.54848817864
2886,221005.5762679895,181240.31442195637,266610.3794090394,85370.06498708302
2887,105988.40726265863,88758.26791635732,130566.53053237476,41808.26261601744
2888,125485.36337520271,100800.87377817,148281.56295054784,47480.68917237784
2889,67159.8656465564,51912.293044175356,76365.00248853945,24452.709444364096
2890,83722.08862260701,66625.62038781962,98008.74586623877,31383.12547841914
2891,123207.1732853439,102551.55677163396,150856.86985164825,48305.3130800143
2892,70747.89426374562,55798.7858231561,82082.14928904732,26283.36346589122
2893,99559.84419904138,84186.12919150242,123840.77809468785,39654.64890318543
2894,69517.16811557954,52722.421222357705,77556.72520238203,24834.303980024328
2895,273601.52449278114,226784.15134640812,333606.7219633584,106822.57061695028
2896,262229.38557142986,215878.69617986566,317564.4721357821,101685.77595591647
2897,186589.40412840224,153071.29345164206,225172.90936281777,72101.6159111757
2898,157671.04479344861,127800.89442042488,187999.39864635904,60198.50422593416
2899,194194.64083599736,161110.49651591852,236998.81685610657,75888.32034018805
2900,155408.04154456672,129396.45373081321,190346.51398277283,60950.060251959614
2901,210339.78583915625,175476.46356826165,258131.58288456796,82655.11931630631
2902,190491.06275783517,156966.99620982166,230903.6043174337,73936.60810761203
2903,338349.7947986511,278542.88608269463,409745.3645709745,131202.47848827986
2904,340377.92440872284,279830.2506493879,411639.11624687177,131808.86559748388
2905,96611.87120748703,83768.3814191679,123226.25866139871,39457.87724223081
2906,194377.9477494897,161013.60551069505,236856.28729744966,75842.6817867546
2907,108809.49677339391,92143.8846076967,135546.8736683044,43402.98906060771
2908,132508.0402446569,110533.42544642437,162598.4367478872,52065.01130146283
2909,154238.7871148711,127363.58521092318,187356.10375553693,59992.51854461375
2910,84183.6405786274,69041.55715336475,101562.66090863026,32521.103755265518
2911,85132.80399190381,69566.37918116269,102334.68976541562,32768.31058425293
2912,142880.7274343062,122860.38402276394,180731.7604905329,57871.37646776896
2913,90799.14640395639,73843.48622560014,108626.44180128281,34782.955575682674
2914,83621.67474831537,66790.13525330511,98250.75214036157,31460.616887056458
2915,88675.36719412515,71980.86269352569,105886.46702902997,33905.60433550428
2916,90632.10781559534,73893.51497777225,108700.03558793824,34806.520610165986
2917,176541.10145001978,146272.63761669653,215171.88384574308,68899.24622904655
2918,121520.4343601473,101197.61774374523,148865.18515761243,47667.567413867204
2919,220248.1268383771,181038.35459936707,266313.2904861442,85274.93588677712
